-- phpMyAdmin SQL Dump
-- version 4.7.9
-- https://www.phpmyadmin.net/
--
-- Hôte : 127.0.0.1:3306
-- Généré le :  lun. 23 mars 2020 à 10:54
-- Version du serveur :  5.7.21
-- Version de PHP :  5.6.35

SET SQL_MODE = "NO_AUTO_VALUE_ON_ZERO";
SET AUTOCOMMIT = 0;
START TRANSACTION;
SET time_zone = "+00:00";


/*!40101 SET @OLD_CHARACTER_SET_CLIENT=@@CHARACTER_SET_CLIENT */;
/*!40101 SET @OLD_CHARACTER_SET_RESULTS=@@CHARACTER_SET_RESULTS */;
/*!40101 SET @OLD_COLLATION_CONNECTION=@@COLLATION_CONNECTION */;
/*!40101 SET NAMES utf8mb4 */;

--
-- Base de données :  `base_mysql`
--

-- --------------------------------------------------------

--
-- Structure de la table `acl_client`
--

DROP TABLE IF EXISTS `acl_client`;
CREATE TABLE IF NOT EXISTS `acl_client` (
  `idacl_client` int(10) UNSIGNED NOT NULL AUTO_INCREMENT,
  `idacl_monnaie` int(10) UNSIGNED NOT NULL,
  `idacl_pays` int(10) UNSIGNED NOT NULL,
  `prenom` varchar(50) DEFAULT NULL,
  `nom` varchar(30) DEFAULT NULL,
  `telephone` varchar(30) DEFAULT NULL,
  `adresse` text,
  `id_user` int(10) UNSIGNED DEFAULT NULL,
  `date_creation` datetime DEFAULT NULL,
  `date_last_modif` datetime DEFAULT NULL,
  `est_supprime` int(10) UNSIGNED DEFAULT NULL,
  PRIMARY KEY (`idacl_client`),
  KEY `acl_client_FKIndex1` (`idacl_pays`),
  KEY `acl_client_FKIndex2` (`idacl_monnaie`)
) ENGINE=MyISAM AUTO_INCREMENT=103 DEFAULT CHARSET=latin1;

--
-- Déchargement des données de la table `acl_client`
--

INSERT INTO `acl_client` (`idacl_client`, `idacl_monnaie`, `idacl_pays`, `prenom`, `nom`, `telephone`, `adresse`, `id_user`, `date_creation`, `date_last_modif`, `est_supprime`) VALUES
(3, 0, 1, 'Daouda', 'SILGA', '17126_000', 'KEUR A...', 3, '2019-11-28 22:10:30', '2019-11-29 01:08:25', 1),
(4, 0, 2, 'Hamadou', 'SOULEYMANE', '17128_000', 'DAROU ...', 3, '2019-11-29 01:00:33', NULL, NULL),
(5, 0, 2, 'Matinou', 'DABOUDA', '16110_000', 'DAROU ...', 3, '2019-11-29 01:01:31', NULL, NULL),
(6, 0, 2, 'Ismaïla', 'DIALLO', '17112_000', 'KEUR C...', NULL, NULL, NULL, NULL),
(7, 0, 2, 'Ibrahima', 'DIAO', '17113_000', 'MEDINA...', 3, '2019-11-29 01:02:49', NULL, NULL),
(8, 0, 2, 'Moustapha', 'DIAW', '17114_000', 'KEUR C...', 3, '2019-11-29 01:04:07', NULL, NULL),
(9, 0, 2, 'Ndofféne', 'DIOUF', '17115_000', 'KEUR P...', 3, '2019-11-29 01:04:48', NULL, NULL),
(10, 0, 1, 'Cabrelle Lauriane', 'DZOUKOU HOMSI', '17116_000', 'KEUR A...', 3, '2019-11-29 01:05:26', NULL, NULL),
(11, 0, 1, 'Mamadou', 'GUEYE', '17118_000', 'KEUR A...', NULL, NULL, NULL, NULL),
(12, 0, 1, 'Rahimatou', 'MEMBOUP NGOUPAYOU', '17121_000', 'KEUR A...', 3, '2019-11-29 21:05:21', NULL, NULL),
(13, 0, 1, 'Papa Lat Coumba', 'SECK', '17125_000', 'KEUR A...', 3, '2019-11-29 23:57:04', NULL, NULL),
(14, 0, 2, 'Papa Masséne', 'SENE', '16135_000', 'DOBO...', NULL, NULL, NULL, NULL),
(15, 0, 1, 'Toto Olivier', 'SODJEHUN', '17127_000', 'MEDINA...', 3, '2019-12-01 22:19:59', NULL, NULL),
(16, 0, 2, 'Papa Ibrahima', 'SOW', '17129_000', 'DAROU ...', 2, '2019-12-02 14:54:36', NULL, NULL),
(17, 0, 1, 'Jean Stéve', 'TAMO TCHOMGUI', '17130_000', 'KEUR N...', 2, '2019-12-02 23:21:15', NULL, NULL),
(18, 0, 1, 'Kodjo Dieu Donné', 'YOUTO', '17131_000', 'KEUR N...', 2, '2019-12-03 23:14:49', NULL, NULL),
(19, 0, 1, 'René', 'ZEMBA', '17132_000', 'CROISE...', 2, NULL, '2019-12-09 19:09:20', 1),
(20, 0, 2, 'Koamivi', 'AGBOLO', '16104_000', 'KEUR B...', 2, '2019-12-04 22:54:37', '2019-12-05 16:10:22', 1),
(21, 0, 1, 'Mossa', 'ASSIBIT', '16105_000', 'KEUR S...', 2, '2019-12-04 22:55:17', '2019-12-05 16:10:11', 1),
(22, 0, 1, 'Harouna', 'AWEL IBRAHIM', '16106_000', 'KEUR N...', 3, '2019-12-05 01:06:11', NULL, NULL),
(23, 0, 2, 'Abdoul Khaniye', 'BARRY', '16108_000', 'KEUR B...', NULL, NULL, NULL, NULL),
(24, 0, 2, 'Edith', 'BOMBIRI', '16109_000', 'SANTHI...', 3, '2019-12-05 01:08:04', NULL, NULL),
(25, 0, 1, 'Linkpo Coffi Emmanuel', 'DANDEGLA', '16111_000', 'KEUR N...', 3, '2019-12-06 17:41:50', NULL, NULL),
(26, 0, 1, 'Aïssatou', 'DIALLO', '16112_000', 'POSTE ...', 3, '2019-12-06 20:49:58', NULL, NULL),
(27, 0, 2, 'Papa Sangoné', 'DIENE', '16114_000', 'KEUR P...', 3, '2019-12-06 20:54:15', NULL, NULL),
(28, 0, 1, 'Fatoumata', 'DIENG', '17101_000', 'KEUR A...', 2, '2019-12-07 21:47:27', NULL, NULL),
(29, 0, 2, 'Ababacar Sadikh', 'DIEYE', '16115_000', 'KEUR P...', NULL, NULL, NULL, NULL),
(30, 0, 1, 'Fallou', 'DIONE', '16116_000', 'CROISE...', NULL, NULL, NULL, NULL),
(31, 0, 1, 'Insa', 'DIOP', '16117_000', 'KEUR A...', NULL, NULL, NULL, NULL),
(32, 0, 2, 'Talla', 'FALL', '16120_000', 'NAWLER...', 2, '2019-12-10 22:29:12', NULL, NULL),
(33, 0, 2, 'Birame Sanou', 'FAYE', '16121_000', 'NAWLER...', 2, '2019-12-10 22:29:59', NULL, NULL),
(34, 0, 2, 'Kiké Yra', 'FONTON', '16122_000', 'DAROU ...', 2, '2019-12-10 22:30:55', NULL, NULL),
(35, 0, 1, 'Sénan Johannès', 'FONTON', '16123_000', 'KEUR A...', 2, '2019-12-13 07:16:19', NULL, NULL),
(36, 0, 2, 'Toudjani', 'HAMMA SOUNA', '16125_000', 'KEUR G...', 2, '2019-12-13 07:16:57', NULL, NULL),
(37, 0, 1, 'Houénafa Francine Léa Chandelphe', 'HOLOGAN', '16126_000', 'SANTHI...', 2, '2019-12-13 21:36:37', NULL, NULL),
(38, 0, 2, 'Ibrahima', 'MBODJ', '16127_000', 'FARAFE...', 2, '2019-12-13 21:37:45', NULL, NULL),
(39, 0, 1, 'Amadou Seck', 'NDIAYE', '16128_000', 'KEUR A...', 2, '2019-12-13 21:38:22', NULL, NULL),
(40, 0, 2, 'Augustin Ndiangue', 'NDIAYE', '16129_000', 'NAWLER...', 2, '2019-12-13 21:39:04', NULL, NULL),
(41, 0, 2, 'Gérard', 'NIKIEMA', '16131_000', 'DAROU ...', 2, '2019-12-14 22:37:42', NULL, NULL),
(42, 0, 2, 'Malick', 'SALL', '16132_000', 'DAROU ...', NULL, NULL, NULL, NULL),
(43, 0, 2, 'Binta', 'SAR', '16133_000', 'KEUR C...', 2, '2019-12-16 22:49:56', NULL, NULL),
(44, 0, 2, 'Sidi Mohamed', 'SAWADOGO', '16134_000', 'KEUR P...', NULL, NULL, NULL, NULL),
(45, 0, 2, 'Hamet', 'SOW', '16137_000', 'DAROU ...', 2, '2019-12-16 22:50:55', NULL, NULL),
(46, 0, 2, 'Abdourahmane ', 'SY ', '17102_000', 'SANTHI...', NULL, NULL, NULL, NULL),
(47, 0, 1, 'El Hadji', 'TINE', '15122_000', 'KEUR N...', 3, '2019-12-16 23:43:59', NULL, NULL),
(48, 0, 1, 'Cécé Rascard', 'TOGBA', '15123_000', 'KEUR A...', 3, '2019-12-18 19:56:07', NULL, NULL),
(49, 0, 2, 'Alice', 'TRAORE', '16138_000', 'SANTHI...', 3, '2019-12-18 20:54:47', NULL, NULL),
(50, 0, 2, 'Sambane', 'YADE', '17103_000', 'KEUR S...', NULL, NULL, NULL, NULL),
(51, 0, 1, 'Ibrahima', 'AIDARA', '15101_000', 'KEUR A...', 3, '2019-12-19 20:52:08', NULL, NULL),
(52, 0, 1, 'Kéba', 'BADIANE', '15103_000', 'KEUR A...', 3, '2019-12-19 20:53:14', NULL, NULL),
(53, 0, 2, 'Komlan Modeste', 'BOKO', '15104_000', 'FARAFE...', 3, '2019-12-19 20:53:55', NULL, NULL),
(54, 0, 2, 'Dramane', 'CESSOUMA', '14108_000', 'FARAFE...', 3, '2019-12-19 21:00:52', NULL, NULL),
(55, 0, 1, 'Nisan Armand', 'COULIBALY', '15105_000', 'NDIBA ...', 2, '2019-12-19 21:52:27', NULL, NULL),
(56, 0, 2, 'Idrissa', 'DABO', '15106_000', 'FARAFE...', 2, '2019-12-20 21:29:31', NULL, NULL),
(57, 0, 1, 'Nouri', 'DAOU MOUSSITABA', '14111_000', 'NDIBA ...', 3, '2019-12-21 00:28:42', NULL, NULL),
(58, 0, 2, 'Souleymane', 'DIAGNE', '15107_000', 'KEUR D...', NULL, NULL, NULL, NULL),
(59, 0, 2, 'Boubacar Poty', 'DIALLO', '15108_000', 'DAROU ...', 3, '2019-12-22 02:23:24', NULL, NULL),
(60, 0, 1, 'Mamadou Abdoulaye', 'DIALLO', '14113_000', 'POSTE ...', 3, '2019-12-22 17:13:46', NULL, NULL),
(61, 0, 2, 'Malick', 'DIONE', '15109_000', 'KEUR P...', 3, '2019-12-22 22:00:13', NULL, NULL),
(62, 0, 2, 'Babacar Wagane', 'FAYE', '15110_000', 'DAROU ...', 3, '2019-12-23 22:26:09', NULL, NULL),
(63, 0, 2, 'Alidou', 'GUIGMA', '14116_000', 'KEUR D...', 3, '2019-12-23 22:26:53', NULL, NULL),
(64, 0, 2, 'Omar', 'HASSANE BAKA', '16101_000', 'KEUR D...', 3, '2019-12-23 22:29:23', NULL, NULL),
(65, 0, 2, 'Berkegui Lea Samiratou', 'KORA CHABI', '15111_000', 'NAWLER...', 3, '2019-12-23 22:39:26', NULL, NULL),
(66, 0, 2, 'Kodjo', 'KOUDAKPO', '16102_000', 'DAROU ...', 3, '2019-12-23 22:48:26', NULL, NULL),
(67, 0, 2, 'Chabi Bruno', 'MONSIA', '15112_000', 'KEUR A...', NULL, NULL, NULL, NULL),
(68, 0, 1, 'Ousseynou', 'NDIAYE', '15113_000', 'MEDINA...', 3, '2019-12-24 01:43:40', NULL, NULL),
(69, 0, 1, 'Abdoulaye', 'NIANG', '15114_000', 'MEDINA...', 3, '2019-12-24 01:44:29', NULL, NULL),
(70, 0, 2, 'Thierno Birahim', 'NIANG', '15115_000', 'DIERY ...', 2, '2019-12-24 22:33:15', NULL, NULL),
(71, 0, 2, 'Moudachirou', 'OUMAROU', '15116_000', 'SABAKH...', 2, '2019-12-24 22:34:59', NULL, NULL),
(72, 0, 2, 'Mévognon O. Ariel Canut', 'SAGBO', '15117_000', 'KEUR A...', 2, '2019-12-24 22:38:19', NULL, NULL),
(73, 0, 2, 'Seydou', 'SANGARE', '15118_000', 'SANTHI...', NULL, NULL, NULL, NULL),
(74, 0, 1, 'Alassane', 'SANGONE', '15119_000', 'POSTE ...', 3, '2019-12-25 00:08:43', NULL, NULL),
(75, 0, 2, 'Fayisall', 'SAWADOGO', '15120_000', 'FARAFE...', 3, '2019-12-26 01:09:43', NULL, NULL),
(76, 0, 1, 'Viviane', 'TCHEPKEP FANYEP', '15121_000', 'POSTE ...', 3, '2019-12-26 22:55:54', NULL, NULL),
(77, 0, 2, 'Oumy', 'THIANDOUM', '16103_000', 'YALALE...', 3, '2019-12-27 21:02:07', NULL, NULL),
(78, 0, 1, 'Ousmane', 'ABDOU DOUNA', '17201_000', 'POSTE ...', 3, '2019-12-29 00:57:35', NULL, NULL),
(79, 0, 1, 'Kossivi Justin', 'AYIVI', '17202_000', 'POSTE ...', 3, '2019-12-29 00:58:09', NULL, NULL),
(80, 0, 2, 'Assana Richard', 'AYIZOU', '17203_000', 'KEUR C...', 3, '2019-12-31 02:23:45', NULL, NULL),
(81, 0, 2, 'Adama', 'BA', '17204_000', 'KEUR D...', 3, '2019-12-31 02:24:30', NULL, NULL),
(82, 0, 2, 'Masse', 'BA', '17205_000', 'DAROU ...', 3, '2019-12-31 02:25:16', NULL, NULL),
(83, 0, 2, 'Christophe Jean-Baptiste', 'BAMOUNI', '17206_000', 'NDOURE...', 3, '2019-12-31 02:27:13', NULL, NULL),
(84, 0, 1, 'Piham Daniel', 'BAZA', '17207_000', 'POSTE ...', 3, '2019-12-31 14:31:02', NULL, NULL),
(85, 0, 1, 'Zakariaou', 'BOUBACAR AMADOU', '17208_000', 'POSTE ...', 3, '2019-12-31 14:32:04', '2019-12-31 14:37:51', 1),
(86, 0, 2, 'Abdoulaye', 'DIALLO', '17209_000', 'POSTE ...', 3, '2019-12-31 14:35:22', NULL, NULL),
(87, 0, 2, 'Abdouramani', 'DIALLO', '17210_000', 'DAROU ...', 2, '2020-01-06 15:25:53', NULL, NULL),
(88, 0, 2, 'Alpha Oumar', 'DIALLO', '17211_000', 'NDOURE...', NULL, NULL, NULL, NULL),
(89, 0, 2, 'Ababacar', 'DIOP', '17212_000', 'NAWLER...', 2, '2020-01-06 15:49:41', NULL, NULL),
(90, 0, 2, 'Oumarou', 'DJELBEOGO', '17213_000', 'NDONEN...', 2, '2020-01-06 16:01:13', NULL, NULL),
(91, 0, 2, 'Mintohoué Audinet', 'DOSSOU', '17214_000', 'DIERY ...', 2, '2020-01-06 16:16:21', NULL, NULL),
(92, 0, 1, 'Théophile Mawoulé', 'EDORH', '17215_000', 'POSTE ...', 3, '2020-01-06 22:49:06', NULL, NULL),
(93, 0, 2, 'Khabane', 'FALL', '17216_000', 'BANY...', 3, '2020-01-06 23:52:51', NULL, NULL),
(94, 0, 2, 'Pape Tidiane', 'GUEYE', '17217_000', 'KEUR P...', 2, '2020-01-07 11:43:32', NULL, NULL),
(95, 0, 2, 'Serigne Cheikh', 'GUEYE', '17218_000', 'DAROU ...', 2, '2020-01-07 12:08:52', NULL, NULL),
(96, 0, 2, 'Darine Larissa', 'KENGNE KUATE', '17219_000', 'KEUR N...', 2, '2020-01-07 12:10:56', NULL, NULL),
(97, 0, 1, 'Mamadou', 'MBODJ', '17220_000', 'YABALE...', NULL, NULL, NULL, NULL),
(98, 0, 1, 'Richard', 'MPAYO MPANI', '17221_000', 'POSTE ...', 3, '2020-01-07 16:44:54', NULL, NULL),
(99, 0, 1, 'Muamba Sylvain', 'MUJIDILA ', '17222_000', 'MEDINA...', 3, '2020-01-07 22:30:31', NULL, NULL),
(100, 0, 2, 'Mouhamadou Mountakha', 'NDAO', '17223_000', 'DAROU ...', 2, '2020-01-08 23:04:57', NULL, NULL),
(101, 0, 2, 'Abdou Salam', 'NIANG', '17224_000', 'KEUR N...', 2, '2020-01-08 23:13:24', NULL, NULL),
(102, 0, 2, 'Coumba', 'SAMB', '17225_000', 'DAROU ...', 3, '2020-01-10 18:10:07', NULL, NULL);

-- --------------------------------------------------------

--
-- Structure de la table `acl_commande`
--

DROP TABLE IF EXISTS `acl_commande`;
CREATE TABLE IF NOT EXISTS `acl_commande` (
  `idacl_commande` bigint(20) NOT NULL AUTO_INCREMENT,
  `idacl_client` int(10) UNSIGNED NOT NULL,
  `date_commande` varchar(12) DEFAULT NULL,
  `nbr_camions` int(10) UNSIGNED DEFAULT NULL,
  `volume_unitaire` decimal(10,2) DEFAULT NULL,
  `volume_tot` decimal(10,2) DEFAULT NULL,
  `prix_unitaire` decimal(20,2) DEFAULT NULL,
  `prix_tot` decimal(20,2) DEFAULT NULL,
  `paye_comptant` varchar(3) DEFAULT NULL,
  `accuse_commande` varchar(20) DEFAULT NULL,
  `id_user` int(10) UNSIGNED DEFAULT NULL,
  `est_supprime` int(10) UNSIGNED DEFAULT NULL,
  `date_creation` datetime DEFAULT NULL,
  `date_last_modif` datetime DEFAULT NULL,
  `num_commande` varchar(20) DEFAULT NULL,
  `id_conversion` int(10) UNSIGNED DEFAULT NULL,
  `id_monnaie1` int(10) UNSIGNED DEFAULT NULL,
  `id_monnaie2` int(10) UNSIGNED DEFAULT NULL,
  `taux_1` decimal(10,2) DEFAULT NULL,
  `taux_2` decimal(10,2) DEFAULT NULL,
  `validation` int(10) UNSIGNED DEFAULT NULL,
  `id_user_validation` int(10) UNSIGNED DEFAULT NULL,
  `idacl_typec` int(11) DEFAULT NULL,
  `num_cmd_jour` int(11) DEFAULT NULL,
  PRIMARY KEY (`idacl_commande`),
  KEY `acl_commande_FKIndex1` (`idacl_client`)
) ENGINE=MyISAM AUTO_INCREMENT=179 DEFAULT CHARSET=latin1;

--
-- Déchargement des données de la table `acl_commande`
--

INSERT INTO `acl_commande` (`idacl_commande`, `idacl_client`, `date_commande`, `nbr_camions`, `volume_unitaire`, `volume_tot`, `prix_unitaire`, `prix_tot`, `paye_comptant`, `accuse_commande`, `id_user`, `est_supprime`, `date_creation`, `date_last_modif`, `num_commande`, `id_conversion`, `id_monnaie1`, `id_monnaie2`, `taux_1`, `taux_2`, `validation`, `id_user_validation`, `idacl_typec`, `num_cmd_jour`) VALUES
(3, 4, '26/11/2019', 3, '12.00', '36.00', '25000.00', '75000.00', 'Oui', '', 2, NULL, '2019-11-30 15:54:22', '2019-12-02 15:56:56', 'ACL-CMD-26112019-001', 5, 1, NULL, '424.00', '5000.00', 1, 3, 1, 1),
(4, 6, '26/11/2019', 3, '12.00', '36.00', '27000.00', '81000.00', 'Oui', NULL, 2, 1, '2019-12-02 13:46:16', '2019-12-02 14:01:49', 'ACL-CMD-26112019-001', 5, 2, NULL, '424.00', '5000.00', NULL, NULL, 1, 1),
(5, 5, '27/11/2019', 2, '12.00', '24.00', '27000.00', '54000.00', 'Oui', NULL, 2, 1, '2019-12-02 13:47:32', '2019-12-02 13:57:29', 'ACL-CMD-27112019-002', 5, 2, NULL, '424.00', '5000.00', NULL, NULL, 1, 2),
(6, 7, '27/11/2019', 3, '12.00', '36.00', '60000.00', '180000.00', 'Oui', NULL, 2, NULL, '2019-12-02 13:48:20', NULL, 'ACL-CMD-27112019-001', 5, 1, NULL, '424.00', '5000.00', 1, 3, 1, 1),
(7, 6, '27/11/2019', 1, '12.00', '12.00', '2700.00', '2700.00', 'Oui', NULL, 2, NULL, '2019-12-02 13:49:56', '2019-12-02 14:08:13', 'ACL-CMD-27112019-002', 5, 2, NULL, '424.00', '5000.00', 1, 3, 1, 2),
(8, 7, '28/11/2019', 1, '12.00', '12.00', '60000.00', '60000.00', 'Oui', NULL, 2, NULL, '2019-12-02 13:52:55', NULL, 'ACL-CMD-28112019-001', 5, 1, NULL, '424.00', '5000.00', 1, 3, 1, 1),
(9, 8, '28/11/2019', 2, '12.00', '24.00', '2700.00', '5400.00', 'Oui', NULL, 2, 1, '2019-12-02 13:53:42', '2019-12-02 14:09:28', 'ACL-CMD-28112019-003', 5, 2, NULL, '424.00', '5000.00', NULL, NULL, 1, 3),
(10, 9, '28/11/2019', 2, '12.00', '24.00', '2800.00', '5600.00', 'Oui', NULL, 2, 1, '2019-12-02 13:54:45', '2019-12-02 14:09:54', 'ACL-CMD-28112019-003', 5, 2, NULL, '424.00', '5000.00', NULL, NULL, 1, 3),
(11, 12, '29/11/2019', 1, '12.00', '12.00', '50000.00', '50000.00', 'Oui', NULL, 2, NULL, '2019-12-02 13:56:04', NULL, 'ACL-CMD-29112019-001', 5, 1, NULL, '424.00', '5000.00', 1, 3, 1, 1),
(12, 13, '29/11/2019', 1, '12.00', '12.00', '50000.00', '50000.00', 'Oui', NULL, 2, NULL, '2019-12-02 13:56:37', NULL, 'ACL-CMD-29112019-002', 5, 1, NULL, '424.00', '5000.00', 1, 3, 1, 2),
(13, 5, '27/11/2019', 2, '12.00', '24.00', '27000.00', '54000.00', 'Oui', NULL, 2, 1, '2019-12-02 13:58:27', '2019-12-02 14:03:04', 'ACL-CMD-27112019-002', 5, 2, NULL, '424.00', '5000.00', NULL, NULL, 1, 2),
(14, 6, '26/11/2019', 3, '12.00', '36.00', '2700.00', '8100.00', 'Oui', NULL, 3, NULL, '2019-12-02 14:02:23', '2019-12-15 23:14:30', 'ACL-CMD-26112019-002', 5, 2, NULL, '424.00', '5000.00', 1, 3, 1, 2),
(15, 5, '27/11/2019', 2, '12.00', '24.00', '2700.00', '5400.00', 'Oui', NULL, 2, NULL, '2019-12-02 14:03:29', '2019-12-02 14:07:56', 'ACL-CMD-27112019-003', 5, 2, NULL, '424.00', '5000.00', 1, 3, 1, 3),
(16, 15, '01/11/2019', 3, '12.00', '36.00', '50000.00', '150000.00', 'Oui', NULL, 2, 1, '2019-12-02 14:05:00', '2019-12-02 14:05:07', 'ACL-CMD-01112019-001', 5, 1, NULL, '424.00', '5000.00', NULL, NULL, 1, 1),
(17, 15, '01/12/2019', 3, '12.00', '36.00', '50000.00', '150000.00', 'Oui', NULL, 2, NULL, '2019-12-02 14:05:41', NULL, 'ACL-CMD-01122019-001', 5, 1, NULL, '424.00', '5000.00', 1, 3, 1, 1),
(18, 9, '01/12/2019', 2, '12.00', '24.00', '3000.00', '6000.00', 'Oui', NULL, 2, NULL, '2019-12-02 14:07:01', NULL, 'ACL-CMD-01122019-002', 5, 2, NULL, '424.00', '5000.00', 1, 3, 1, 2),
(19, 9, '28/11/2019', 2, '12.00', '24.00', '2800.00', '5600.00', 'Oui', NULL, 2, NULL, '2019-12-02 14:10:54', '2019-12-02 23:17:58', 'ACL-CMD-28112019-002', 5, 2, NULL, '424.00', '5000.00', 1, 3, 1, 2),
(20, 8, '28/11/2019', 2, '12.00', '24.00', '2700.00', '5400.00', 'Oui', NULL, 2, NULL, '2019-12-02 14:12:30', NULL, 'ACL-CMD-28112019-003', 5, 2, NULL, '424.00', '5000.00', 1, 3, 1, 3),
(21, 16, '28/11/2019', 1, '12.00', '12.00', '25000.00', '25000.00', 'Oui', NULL, 2, NULL, '2019-12-02 14:57:26', '2019-12-02 15:12:35', 'ACL-CMD-28112019-004', 5, 1, NULL, '424.00', '5000.00', 1, 3, 1, 4),
(22, 14, '01/12/2019', 1, '12.00', '12.00', '3000.00', '3000.00', 'Oui', NULL, 3, NULL, '2019-12-02 15:12:15', '2019-12-02 19:56:14', 'ACL-CMD-01122019-003', 5, 2, NULL, '424.00', '5000.00', 1, 3, 1, 3),
(23, 10, '02/12/2019', 4, '12.00', '48.00', '50000.00', '200000.00', 'Oui', NULL, 2, NULL, '2019-12-02 23:19:47', NULL, 'ACL-CMD-02122019-001', 5, 1, NULL, '424.00', '5000.00', 1, 3, 1, 1),
(24, 17, '02/12/2019', 2, '12.00', '24.00', '50000.00', '100000.00', 'Oui', NULL, 2, NULL, '2019-12-02 23:22:04', NULL, 'ACL-CMD-02122019-002', 5, 1, NULL, '424.00', '5000.00', 1, 3, 1, 2),
(25, 10, '03/12/2019', 1, '12.00', '12.00', '50000.00', '50000.00', 'Oui', NULL, 2, NULL, '2019-12-03 23:13:17', NULL, 'ACL-CMD-03122019-001', 5, 1, NULL, '424.00', '5000.00', 1, 3, 1, 1),
(26, 18, '03/12/2019', 1, '12.00', '12.00', '50000.00', '50000.00', 'Oui', NULL, 2, NULL, '2019-12-03 23:16:33', NULL, 'ACL-CMD-03122019-002', 5, 1, NULL, '424.00', '5000.00', 1, 3, 1, 2),
(27, 10, '04/12/2019', 1, '12.00', '12.00', '50000.00', '50000.00', 'Oui', NULL, 2, NULL, '2019-12-04 22:51:53', NULL, 'ACL-CMD-04122019-001', 5, 1, NULL, '424.00', '5000.00', 1, 3, 1, 1),
(28, 19, '04/12/2019', 1, '12.00', '12.00', '50000.00', '50000.00', 'Oui', NULL, 2, 1, '2019-12-04 22:56:24', '2019-12-09 19:04:11', 'ACL-CMD-04122019-002', 5, 1, NULL, '424.00', '5000.00', NULL, NULL, 1, 2),
(29, 23, '04/12/2019', 1, '12.00', '12.00', '3000.00', '3000.00', 'Oui', NULL, 2, NULL, '2019-12-04 22:57:36', '2019-12-05 16:08:30', 'ACL-CMD-04122019-003', 5, 2, NULL, '424.00', '5000.00', 1, 3, 1, 3),
(30, 24, '04/12/2019', 4, '12.00', '48.00', '45000.00', '180000.00', 'Oui', NULL, 2, NULL, '2019-12-04 22:58:26', '2019-12-05 16:08:49', 'ACL-CMD-04122019-004', 5, 1, NULL, '424.00', '5000.00', 1, 3, 1, 4),
(31, 17, '06/12/2019', 2, '12.00', '24.00', '50000.00', '100000.00', 'Oui', NULL, 2, NULL, '2019-12-06 20:40:31', NULL, 'ACL-CMD-06122019-001', 5, 1, NULL, '424.00', '5000.00', 1, 3, 1, 1),
(32, 25, '06/12/2019', 1, '12.00', '12.00', '50000.00', '50000.00', 'Oui', NULL, 2, NULL, '2019-12-06 20:41:17', NULL, 'ACL-CMD-06122019-002', 5, 1, NULL, '424.00', '5000.00', 1, 3, 1, 2),
(33, 11, '06/12/2019', 1, '12.00', '12.00', '25000.00', '25000.00', 'Oui', NULL, 2, NULL, '2019-12-06 20:42:50', NULL, 'ACL-CMD-06122019-003', 5, 1, NULL, '424.00', '5000.00', 1, 3, 1, 3),
(34, 26, '05/12/2019', 1, '12.00', '12.00', '50000.00', '50000.00', 'Oui', NULL, 2, NULL, '2019-12-06 20:53:36', NULL, 'ACL-CMD-05122019-001', 5, 1, NULL, '424.00', '5000.00', 1, 3, 1, 1),
(35, 27, '06/12/2019', 1, '12.00', '12.00', '3000.00', '3000.00', 'Oui', NULL, 2, NULL, '2019-12-06 20:55:06', NULL, 'ACL-CMD-06122019-004', 5, 2, NULL, '424.00', '5000.00', 1, 3, 1, 4),
(36, 19, '07/12/2019', 1, '12.00', '12.00', '50000.00', '50000.00', 'Oui', NULL, 2, 1, '2019-12-07 21:43:38', '2019-12-09 19:04:29', 'ACL-CMD-07122019-001', 5, 1, NULL, '424.00', '5000.00', NULL, NULL, 1, 1),
(37, 10, '07/12/2019', 2, '12.00', '24.00', '50000.00', '100000.00', 'Oui', NULL, 3, NULL, '2019-12-07 21:44:39', '2019-12-11 00:34:37', 'ACL-CMD-07122019-002', 5, 1, NULL, '424.00', '5000.00', 1, 3, 1, 2),
(38, 11, '07/12/2019', 1, '12.00', '12.00', '25000.00', '25000.00', 'Oui', NULL, 2, NULL, '2019-12-07 21:45:18', NULL, 'ACL-CMD-07122019-003', 5, 1, NULL, '424.00', '5000.00', 1, 3, 1, 3),
(39, 28, '07/12/2019', 1, '12.00', '12.00', '50000.00', '50000.00', 'Oui', NULL, 2, NULL, '2019-12-07 21:48:36', NULL, 'ACL-CMD-07122019-004', 5, 1, NULL, '424.00', '5000.00', 1, 3, 1, 4),
(40, 29, '07/12/2019', 1, '12.00', '12.00', '3000.00', '3000.00', 'Oui', NULL, 2, NULL, '2019-12-07 21:49:10', '2019-12-07 22:16:36', 'ACL-CMD-07122019-005', 5, 2, NULL, '424.00', '5000.00', 1, 3, 1, 5),
(41, 19, '08/12/2019', 7, '12.00', '84.00', '55714.28', '389999.96', 'Oui', NULL, 2, 1, '2019-12-08 22:30:41', '2019-12-09 16:40:42', 'ACL-CMD-08122019-001', 5, 1, NULL, '424.00', '5000.00', NULL, NULL, 4, 1),
(42, 19, '08/12/2019', 3, '12.00', '36.00', '50000.00', '150000.00', 'Oui', NULL, 3, 1, '2019-12-08 22:31:28', '2019-12-09 01:32:41', 'ACL-CMD-08122019-002', 5, 1, NULL, '424.00', '5000.00', NULL, NULL, 4, 2),
(43, 19, '08/12/2019', 4, '12.00', '48.00', '60000.00', '240000.00', 'Oui', NULL, 2, 1, '2019-12-09 16:44:30', '2019-12-09 19:02:57', 'ACL-CMD-08122019-001', 5, 1, NULL, '424.00', '5000.00', NULL, NULL, 4, 1),
(44, 30, '04/12/2019', 1, '12.00', '12.00', '50000.00', '50000.00', 'Oui', NULL, 2, NULL, '2019-12-09 19:13:24', '2019-12-09 19:24:01', 'ACL-CMD-04122019-005', 5, 1, NULL, '424.00', '5000.00', 1, 3, 1, 5),
(45, 30, '07/12/2019', 1, '12.00', '12.00', '50000.00', '50000.00', 'Oui', NULL, 2, NULL, '2019-12-09 19:18:47', NULL, 'ACL-CMD-07122019-006', 5, 1, NULL, '424.00', '5000.00', 1, 3, 1, 6),
(46, 30, '08/12/2019', 4, '12.00', '48.00', '60000.00', '240000.00', 'Oui', NULL, 2, NULL, '2019-12-09 19:33:08', '2019-12-09 19:35:17', 'ACL-CMD-07122019-007', 5, 1, NULL, '424.00', '5000.00', 1, 3, 4, 7),
(47, 30, '08/12/2019', 3, '12.00', '36.00', '50000.00', '150000.00', 'Oui', NULL, 2, NULL, '2019-12-10 12:23:40', NULL, 'ACL-CMD-08122019-008', 5, 1, NULL, '424.00', '5000.00', 1, 3, 4, 8),
(48, 10, '10/12/2019', 2, '12.00', '24.00', '50000.00', '100000.00', 'Oui', NULL, 2, NULL, '2019-12-10 22:26:35', '2019-12-11 12:01:56', 'ACL-CMD-10122019-001', 3, 1, NULL, '425.00', '5000.00', 1, 3, 1, 1),
(49, 31, '10/12/2019', 1, '12.00', '12.00', '50000.00', '50000.00', 'Oui', NULL, 2, NULL, '2019-12-10 22:33:26', '2019-12-11 12:02:15', 'ACL-CMD-10122019-002', 3, 1, NULL, '425.00', '5000.00', 1, 3, 1, 2),
(50, 32, '10/12/2019', 3, '12.00', '36.00', '3000.00', '9000.00', 'Oui', NULL, 2, NULL, '2019-12-10 22:34:38', NULL, 'ACL-CMD-10122019-003', 5, 2, NULL, '424.00', '5000.00', 1, 3, 1, 3),
(51, 33, '10/12/2019', 1, '12.00', '12.00', '3000.00', '3000.00', 'Oui', NULL, 2, NULL, '2019-12-10 22:35:48', '2019-12-10 22:38:09', 'ACL-CMD-10122019-004', 5, 2, NULL, '424.00', '5000.00', 1, 3, 1, 4),
(52, 34, '10/12/2019', 2, '12.00', '24.00', '3000.00', '6000.00', 'Oui', NULL, 2, NULL, '2019-12-10 22:37:46', NULL, 'ACL-CMD-10122019-005', 5, 2, NULL, '424.00', '5000.00', 1, 3, 1, 5),
(53, 26, '10/12/2019', 1, '12.00', '12.00', '50000.00', '50000.00', 'Oui', NULL, 2, NULL, '2019-12-11 11:59:19', NULL, 'ACL-CMD-10122019-006', 5, 1, NULL, '424.00', '5000.00', 1, 3, 1, 6),
(54, 10, '11/12/2019', 1, '12.00', '12.00', '50000.00', '50000.00', 'Oui', NULL, 3, NULL, '2019-12-12 07:49:39', '2019-12-12 14:15:24', 'ACL-CMD-11122019-001', 5, 1, NULL, '424.00', '5000.00', 1, 3, 1, 1),
(55, 11, '11/12/2019', 1, '12.00', '12.00', '50000.00', '50000.00', 'Oui', NULL, 3, NULL, '2019-12-12 14:18:24', NULL, 'ACL-CMD-11122019-002', 3, 1, NULL, '425.00', '5000.00', 1, 3, 1, 2),
(56, 30, '12/12/2019', 1, '12.00', '12.00', '50000.00', '50000.00', 'Oui', NULL, 2, NULL, '2019-12-13 07:14:50', NULL, 'ACL-CMD-12122019-001', 5, 1, NULL, '424.00', '5000.00', 1, 3, 1, 1),
(57, 35, '12/12/2019', 1, '12.00', '12.00', '50000.00', '50000.00', 'Oui', NULL, 2, NULL, '2019-12-13 07:17:30', NULL, 'ACL-CMD-12122019-002', 5, 1, NULL, '424.00', '5000.00', 1, 3, 1, 2),
(58, 36, '12/12/2019', 2, '12.00', '24.00', '3000.00', '6000.00', 'Oui', NULL, 2, NULL, '2019-12-13 07:17:58', '2019-12-13 07:18:36', 'ACL-CMD-12122019-003', 5, 2, NULL, '424.00', '5000.00', 1, 3, 1, 3),
(59, 33, '12/12/2019', 1, '12.00', '12.00', '3000.00', '3000.00', 'Oui', NULL, 2, NULL, '2019-12-13 07:18:26', NULL, 'ACL-CMD-12122019-004', 5, 2, NULL, '424.00', '5000.00', 1, 3, 1, 4),
(60, 37, '13/12/2019', 1, '12.00', '12.00', '50000.00', '50000.00', 'Oui', NULL, 2, NULL, '2019-12-13 21:51:17', NULL, 'ACL-CMD-13122019-001', 5, 1, NULL, '424.00', '5000.00', 1, 3, 1, 1),
(61, 38, '13/12/2019', 1, '12.00', '12.00', '50000.00', '50000.00', 'Oui', NULL, 2, NULL, '2019-12-13 21:53:20', NULL, 'ACL-CMD-13122019-002', 5, 1, NULL, '424.00', '5000.00', 1, 3, 1, 2),
(62, 39, '13/12/2019', 2, '12.00', '24.00', '50000.00', '100000.00', 'Oui', NULL, 2, NULL, '2019-12-13 21:55:28', NULL, 'ACL-CMD-13122019-003', 5, 1, NULL, '424.00', '5000.00', 1, 3, 1, 3),
(63, 40, '13/12/2019', 2, '12.00', '24.00', '3000.00', '6000.00', 'Oui', NULL, 2, NULL, '2019-12-13 21:58:45', NULL, 'ACL-CMD-13122019-004', 5, 1, NULL, '424.00', '5000.00', 1, 3, 1, 4),
(64, 11, '13/12/2019', 1, '12.00', '12.00', '25000.00', '25000.00', 'Oui', NULL, 2, NULL, '2019-12-14 09:57:15', NULL, 'ACL-CMD-13122019-005', 5, 1, NULL, '424.00', '5000.00', 1, 3, 1, 5),
(65, 40, '14/12/2019', 1, '12.00', '12.00', '3000.00', '3000.00', 'Oui', NULL, 2, NULL, '2019-12-14 22:39:10', NULL, 'ACL-CMD-14122019-001', 5, 2, NULL, '424.00', '5000.00', 1, 3, 1, 1),
(66, 41, '14/12/2019', 1, '12.00', '12.00', '35000.00', '35000.00', 'Oui', NULL, 2, NULL, '2019-12-14 22:40:10', NULL, 'ACL-CMD-14122019-002', 5, 1, NULL, '424.00', '5000.00', 1, 3, 1, 2),
(67, 38, '14/12/2019', 1, '12.00', '12.00', '50000.00', '50000.00', 'Oui', NULL, 2, NULL, '2019-12-14 22:41:04', NULL, 'ACL-CMD-14122019-003', 5, 1, NULL, '424.00', '5000.00', 1, 3, 1, 3),
(68, 42, '14/12/2019', 1, '12.00', '12.00', '30000.00', '30000.00', 'Oui', NULL, 2, NULL, '2019-12-14 22:42:34', NULL, 'ACL-CMD-14122019-004', 5, 1, NULL, '424.00', '5000.00', 1, 3, 1, 4),
(69, 17, '15/12/2019', 2, '12.00', '24.00', '50000.00', '100000.00', 'Oui', NULL, 2, NULL, '2019-12-15 23:27:24', NULL, 'ACL-CMD-15122019-001', 5, 1, NULL, '424.00', '5000.00', 1, 3, 1, 1),
(70, 13, '16/12/2019', 2, '12.00', '24.00', '50000.00', '100000.00', 'Oui', NULL, 2, NULL, '2019-12-16 22:52:54', NULL, 'ACL-CMD-16122019-001', 5, 1, NULL, '424.00', '5000.00', 1, 3, 1, 1),
(71, 43, '16/12/2019', 2, '12.00', '24.00', '3000.00', '6000.00', 'Oui', NULL, 2, NULL, '2019-12-16 22:55:15', NULL, 'ACL-CMD-16122019-002', 5, 2, NULL, '424.00', '5000.00', 1, 3, 1, 2),
(72, 11, '16/12/2019', 1, '12.00', '12.00', '25000.00', '25000.00', 'Oui', NULL, 2, NULL, '2019-12-16 22:58:04', NULL, 'ACL-CMD-16122019-003', 5, 1, NULL, '424.00', '5000.00', 1, 3, 1, 3),
(73, 44, '16/12/2019', 1, '12.00', '12.00', '3000.00', '3000.00', 'Oui', NULL, 2, NULL, '2019-12-16 22:59:48', NULL, 'ACL-CMD-16122019-004', 5, 2, NULL, '424.00', '5000.00', 1, 3, 1, 4),
(74, 12, '16/12/2019', 1, '12.00', '12.00', '35000.00', '35000.00', 'Oui', NULL, 2, NULL, '2019-12-16 23:11:53', NULL, 'ACL-CMD-16122019-005', 5, 1, NULL, '424.00', '5000.00', 1, 3, 1, 5),
(75, 45, '16/12/2019', 1, '12.00', '12.00', '3000.00', '3000.00', 'Oui', NULL, 2, NULL, '2019-12-16 23:14:06', NULL, 'ACL-CMD-16122019-006', 5, 2, NULL, '424.00', '5000.00', 1, 3, 1, 6),
(76, 46, '16/12/2019', 2, '12.00', '24.00', '45000.00', '90000.00', 'Oui', NULL, 2, NULL, '2019-12-16 23:15:43', NULL, 'ACL-CMD-16122019-007', 5, 1, NULL, '424.00', '5000.00', 1, 3, 1, 7),
(77, 13, '17/12/2019', 2, '12.00', '24.00', '50000.00', '100000.00', 'Oui', NULL, 2, NULL, '2019-12-17 20:56:07', NULL, 'ACL-CMD-17122019-001', 5, 1, NULL, '424.00', '5000.00', 1, 3, 1, 1),
(78, 47, '17/12/2019', 1, '12.00', '12.00', '3000.00', '3000.00', 'Oui', NULL, 2, NULL, '2019-12-17 21:03:07', NULL, 'ACL-CMD-17122019-002', 5, 1, NULL, '424.00', '5000.00', 1, 3, 1, 2),
(79, 10, '18/12/2019', 1, '12.00', '12.00', '50000.00', '50000.00', 'Oui', NULL, 2, NULL, '2019-12-18 20:41:45', '2019-12-18 20:47:11', 'ACL-CMD-18122019-001', 5, 1, NULL, '424.00', '5000.00', 1, 3, 1, 1),
(80, 39, '18/12/2019', 3, '12.00', '36.00', '50000.00', '150000.00', 'Oui', NULL, 2, NULL, '2019-12-18 20:43:52', '2019-12-18 20:50:53', 'ACL-CMD-18122019-002', 5, 1, NULL, '424.00', '5000.00', 1, 3, 1, 2),
(81, 48, '18/12/2019', 1, '12.00', '12.00', '50000.00', '50000.00', 'Oui', NULL, 2, NULL, '2019-12-18 20:49:46', NULL, 'ACL-CMD-18122019-003', 5, 1, NULL, '424.00', '5000.00', 1, 3, 1, 3),
(82, 9, '18/12/2019', 1, '12.00', '12.00', '3000.00', '3000.00', 'Oui', NULL, 2, NULL, '2019-12-18 20:53:25', '2019-12-18 20:54:17', 'ACL-CMD-18122019-004', 5, 2, NULL, '424.00', '5000.00', 1, 3, 1, 4),
(83, 49, '18/12/2019', 1, '12.00', '12.00', '45000.00', '45000.00', 'Oui', NULL, 2, NULL, '2019-12-18 20:57:37', NULL, 'ACL-CMD-18122019-005', 5, 1, NULL, '424.00', '5000.00', 1, 3, 1, 5),
(84, 50, '18/12/2019', 2, '12.00', '24.00', '50000.00', '100000.00', 'Oui', NULL, 2, NULL, '2019-12-18 20:59:08', NULL, 'ACL-CMD-18122019-006', 5, 1, NULL, '424.00', '5000.00', 1, 3, 1, 6),
(85, 30, '18/12/2019', 1, '12.00', '12.00', '50000.00', '50000.00', 'Oui', NULL, 2, NULL, '2019-12-18 21:07:15', NULL, 'ACL-CMD-18122019-007', 5, 1, NULL, '424.00', '5000.00', 1, 3, 1, 7),
(86, 54, '19/12/2019', 1, '12.00', '12.00', '50000.00', '50000.00', 'Oui', NULL, 2, NULL, '2019-12-19 21:53:08', NULL, 'ACL-CMD-19122019-001', 5, 1, NULL, '424.00', '5000.00', 1, 3, 1, 1),
(87, 55, '19/12/2019', 1, '12.00', '12.00', '70000.00', '70000.00', 'Oui', NULL, 2, NULL, '2019-12-19 21:54:18', NULL, 'ACL-CMD-19122019-002', 5, 1, NULL, '424.00', '5000.00', 1, 3, 1, 2),
(88, 48, '19/12/2019', 1, '12.00', '12.00', '50000.00', '50000.00', 'Oui', NULL, 2, NULL, '2019-12-19 21:55:25', NULL, 'ACL-CMD-19122019-003', 5, 1, NULL, '424.00', '5000.00', 1, 3, 1, 3),
(89, 51, '19/12/2019', 3, '12.00', '36.00', '50000.00', '150000.00', 'Oui', NULL, 2, NULL, '2019-12-19 21:57:18', '2019-12-19 22:04:35', 'ACL-CMD-19122019-004', 5, 1, NULL, '424.00', '5000.00', 1, 3, 1, 4),
(90, 52, '19/12/2019', 3, '12.00', '36.00', '50000.00', '150000.00', 'Oui', NULL, 2, NULL, '2019-12-19 21:59:02', NULL, 'ACL-CMD-19122019-005', 5, 1, NULL, '424.00', '5000.00', 1, 3, 1, 5),
(91, 53, '19/12/2019', 1, '12.00', '12.00', '50000.00', '50000.00', 'Oui', NULL, 2, NULL, '2019-12-19 22:03:21', NULL, 'ACL-CMD-19122019-006', 4, 1, NULL, '426.00', '5000.00', 1, 3, 1, 6),
(92, 56, '20/12/2019', 15, '12.00', '180.00', '50000.00', '750000.00', 'Oui', NULL, 2, NULL, '2019-12-20 21:30:35', NULL, 'ACL-CMD-20122019-001', 5, 1, NULL, '424.00', '5000.00', 1, 3, 1, 1),
(93, 57, '21/12/2019', 1, '12.00', '12.00', '3000.00', '3000.00', 'Oui', NULL, 3, 1, '2019-12-22 00:34:36', '2019-12-22 02:20:04', 'ACL-CMD-21122019-001', 5, 1, NULL, '424.00', '5000.00', NULL, NULL, 1, 1),
(94, 59, '21/12/2019', 1, '12.00', '12.00', '40000.00', '40000.00', 'Oui', NULL, 3, NULL, '2019-12-22 00:36:12', '2019-12-22 02:24:52', 'ACL-CMD-21122019-002', 5, 1, NULL, '424.00', '5000.00', 1, 3, 1, 2),
(95, 58, '21/12/2019', 1, '12.00', '12.00', '3000.00', '3000.00', 'Oui', NULL, 2, NULL, '2019-12-22 00:38:55', NULL, 'ACL-CMD-21122019-003', 5, 2, NULL, '424.00', '5000.00', 1, 3, 1, 3),
(96, 61, '21/12/2019', 1, '12.00', '12.00', '3000.00', '3000.00', 'Oui', NULL, 2, NULL, '2019-12-22 22:04:58', NULL, 'ACL-CMD-21122019-004', 5, 2, NULL, '424.00', '5000.00', 1, 3, 1, 4),
(97, 60, '22/12/2019', 1, '12.00', '12.00', '50000.00', '50000.00', 'Oui', NULL, 2, NULL, '2019-12-22 22:06:49', NULL, 'ACL-CMD-22122019-001', 5, 1, NULL, '424.00', '5000.00', 1, 3, 1, 1),
(98, 51, '23/12/2019', 2, '12.00', '24.00', '50000.00', '100000.00', 'Oui', NULL, 2, NULL, '2019-12-23 22:07:50', NULL, 'ACL-CMD-23122019-001', 5, 1, NULL, '424.00', '5000.00', 1, 3, 1, 1),
(99, 66, '23/12/2019', 1, '12.00', '12.00', '3000.00', '3000.00', 'Oui', NULL, 2, NULL, '2019-12-23 23:18:59', '2019-12-23 23:20:14', 'ACL-CMD-23122019-002', 5, 2, NULL, '424.00', '5000.00', 1, 3, 1, 2),
(100, 62, '23/12/2019', 1, '12.00', '12.00', '3000.00', '3000.00', 'Oui', NULL, 2, NULL, '2019-12-23 23:21:02', NULL, 'ACL-CMD-23122019-003', 5, 2, NULL, '424.00', '5000.00', 1, 3, 1, 3),
(101, 63, '23/12/2019', 2, '12.00', '24.00', '3000.00', '6000.00', 'Oui', NULL, 2, NULL, '2019-12-23 23:22:53', NULL, 'ACL-CMD-23122019-004', 5, 2, NULL, '424.00', '5000.00', 1, 3, 1, 4),
(102, 64, '23/12/2019', 5, '12.00', '60.00', '3000.00', '15000.00', 'Oui', NULL, 2, NULL, '2019-12-23 23:26:06', NULL, 'ACL-CMD-23122019-005', 5, 2, NULL, '424.00', '5000.00', 1, 3, 1, 5),
(103, 67, '23/12/2019', 2, '12.00', '24.00', '40000.00', '80000.00', 'Oui', NULL, 2, NULL, '2019-12-23 23:31:21', NULL, 'ACL-CMD-23122019-006', 5, 1, NULL, '424.00', '5000.00', 1, 3, 1, 6),
(104, 65, '23/12/2019', 2, '12.00', '24.00', '3000.00', '6000.00', 'Oui', NULL, 2, NULL, '2019-12-23 23:34:17', NULL, 'ACL-CMD-23122019-007', 5, 2, NULL, '424.00', '5000.00', 1, 3, 1, 7),
(105, 69, '24/12/2019', 1, '12.00', '12.00', '50000.00', '50000.00', 'Oui', NULL, 2, NULL, '2019-12-24 22:25:08', NULL, 'ACL-CMD-24122019-001', 5, 1, NULL, '424.00', '5000.00', 1, 3, 1, 1),
(106, 10, '24/12/2019', 1, '12.00', '12.00', '50000.00', '50000.00', 'Oui', NULL, 2, NULL, '2019-12-24 22:29:38', NULL, 'ACL-CMD-24122019-002', 5, 1, NULL, '424.00', '5000.00', 1, 3, 1, 2),
(107, 70, '24/12/2019', 2, '12.00', '24.00', '50000.00', '100000.00', 'Oui', NULL, 2, NULL, '2019-12-24 22:39:44', NULL, 'ACL-CMD-24122019-003', 5, 1, NULL, '424.00', '5000.00', 1, 3, 1, 3),
(108, 71, '24/12/2019', 1, '12.00', '12.00', '50000.00', '50000.00', 'Oui', NULL, 2, NULL, '2019-12-24 22:42:37', NULL, 'ACL-CMD-24122019-004', 5, 1, NULL, '424.00', '5000.00', 1, 3, 1, 4),
(109, 30, '24/12/2019', 1, '12.00', '12.00', '50000.00', '50000.00', 'Oui', NULL, 2, NULL, '2019-12-24 22:44:40', NULL, 'ACL-CMD-24122019-005', 5, 1, NULL, '424.00', '5000.00', 1, 3, 1, 5),
(110, 72, '24/12/2019', 2, '12.00', '24.00', '50000.00', '100000.00', 'Oui', NULL, 2, NULL, '2019-12-24 22:48:30', '2019-12-24 22:52:14', 'ACL-CMD-24122019-006', 5, 1, NULL, '424.00', '5000.00', 1, 3, 1, 6),
(111, 74, '24/12/2019', 1, '12.00', '12.00', '50000.00', '50000.00', 'Oui', NULL, 3, NULL, '2019-12-24 22:50:21', '2019-12-25 00:09:43', 'ACL-CMD-24122019-007', 5, 1, NULL, '424.00', '5000.00', 1, 3, 1, 7),
(112, 73, '24/12/2019', 2, '12.00', '24.00', '45000.00', '90000.00', 'Oui', NULL, 2, NULL, '2019-12-24 22:57:47', NULL, 'ACL-CMD-24122019-008', 5, 1, NULL, '424.00', '5000.00', 1, 3, 1, 8),
(113, 72, '25/12/2019', 1, '12.00', '12.00', '50000.00', '50000.00', 'Oui', NULL, 2, NULL, '2019-12-26 07:19:40', NULL, 'ACL-CMD-25122019-001', 5, 1, NULL, '424.00', '5000.00', 1, 3, 1, 1),
(114, 75, '25/12/2019', 1, '12.00', '12.00', '60000.00', '60000.00', 'Oui', NULL, 2, NULL, '2019-12-26 07:20:45', NULL, 'ACL-CMD-25122019-002', 5, 1, NULL, '424.00', '5000.00', 1, 3, 1, 2),
(115, 57, '25/12/2019', 1, '12.00', '12.00', '70000.00', '70000.00', 'Oui', NULL, 2, NULL, '2019-12-26 07:21:49', NULL, 'ACL-CMD-25122019-003', 5, 1, NULL, '424.00', '5000.00', 1, 3, 1, 3),
(116, 59, '25/12/2019', 1, '12.00', '12.00', '3000.00', '3000.00', 'Oui', NULL, 2, NULL, '2019-12-26 07:23:01', NULL, 'ACL-CMD-25122019-004', 5, 2, NULL, '424.00', '5000.00', 1, 3, 1, 4),
(117, 39, '26/12/2019', 4, '12.00', '48.00', '50000.00', '200000.00', 'Oui', NULL, 2, NULL, '2019-12-27 06:06:42', NULL, 'ACL-CMD-26122019-001', 5, 1, NULL, '424.00', '5000.00', 1, 3, 1, 1),
(118, 72, '26/12/2019', 2, '12.00', '24.00', '50000.00', '100000.00', 'Oui', NULL, 2, NULL, '2019-12-27 06:09:52', '2019-12-27 06:10:05', 'ACL-CMD-26122019-002', 5, 1, NULL, '424.00', '5000.00', 1, 3, 1, 2),
(119, 76, '26/12/2019', 1, '12.00', '12.00', '50000.00', '50000.00', 'Oui', NULL, 2, NULL, '2019-12-27 06:11:40', NULL, 'ACL-CMD-26122019-003', 5, 1, NULL, '424.00', '5000.00', 1, 3, 1, 3),
(120, 76, '27/12/2019', 3, '12.00', '36.00', '50000.00', '150000.00', 'Oui', NULL, 2, NULL, '2019-12-28 02:13:19', NULL, 'ACL-CMD-27122019-001', 5, 1, NULL, '424.00', '5000.00', 1, 3, 1, 1),
(121, 69, '27/12/2019', 1, '12.00', '12.00', '50000.00', '50000.00', 'Oui', NULL, 2, NULL, '2019-12-28 02:19:24', NULL, 'ACL-CMD-27122019-002', 5, 1, NULL, '424.00', '5000.00', 1, 3, 1, 2),
(122, 68, '27/12/2019', 1, '12.00', '12.00', '50000.00', '50000.00', 'Oui', NULL, 2, NULL, '2019-12-28 02:21:06', NULL, 'ACL-CMD-27122019-003', 5, 1, NULL, '424.00', '5000.00', 1, 3, 1, 3),
(123, 51, '27/12/2019', 2, '12.00', '24.00', '50000.00', '100000.00', 'Oui', NULL, 2, NULL, '2019-12-28 02:22:39', NULL, 'ACL-CMD-27122019-004', 5, 1, NULL, '424.00', '5000.00', 1, 3, 1, 4),
(124, 60, '27/12/2019', 2, '12.00', '24.00', '50000.00', '100000.00', 'Oui', NULL, 2, NULL, '2019-12-28 02:25:18', NULL, 'ACL-CMD-27122019-005', 5, 1, NULL, '424.00', '5000.00', 1, 3, 1, 5),
(125, 77, '27/12/2019', 1, '12.00', '12.00', '50000.00', '50000.00', 'Oui', NULL, 2, NULL, '2019-12-28 02:27:27', NULL, 'ACL-CMD-27122019-006', 5, 1, NULL, '424.00', '5000.00', 1, 3, 1, 6),
(126, 10, '28/12/2019', 1, '12.00', '12.00', '50000.00', '50000.00', 'Oui', NULL, 2, NULL, '2019-12-29 15:54:40', NULL, 'ACL-CMD-28122019-001', 5, 1, NULL, '424.00', '5000.00', 1, 3, 1, 1),
(127, 37, '28/12/2019', 1, '12.00', '12.00', '50000.00', '50000.00', 'Oui', NULL, 2, NULL, '2019-12-29 15:56:41', NULL, 'ACL-CMD-28122019-002', 5, 1, NULL, '424.00', '5000.00', 1, 3, 1, 2),
(128, 80, '30/12/2019', 5, '12.00', '60.00', '3000.00', '15000.00', 'Oui', NULL, 2, NULL, '2019-12-31 11:15:41', NULL, 'ACL-CMD-30122019-001', 5, 2, NULL, '424.00', '5000.00', 1, 3, 1, 1),
(129, 81, '30/12/2019', 2, '12.00', '24.00', '3000.00', '6000.00', 'Oui', NULL, 2, NULL, '2019-12-31 11:23:10', NULL, 'ACL-CMD-30122019-002', 5, 2, NULL, '424.00', '5000.00', 1, 3, 1, 2),
(130, 82, '30/12/2019', 2, '12.00', '24.00', '3000.00', '6000.00', 'Oui', NULL, 2, NULL, '2019-12-31 11:26:21', NULL, 'ACL-CMD-30122019-003', 5, 2, NULL, '424.00', '5000.00', 1, 3, 1, 3),
(131, 83, '30/12/2019', 3, '12.00', '36.00', '40000.00', '120000.00', 'Oui', NULL, 2, NULL, '2019-12-31 11:30:41', NULL, 'ACL-CMD-30122019-004', 5, 1, NULL, '424.00', '5000.00', 1, 3, 1, 4),
(132, 10, '30/12/2019', 2, '12.00', '24.00', '50000.00', '100000.00', 'Oui', NULL, 2, NULL, '2019-12-31 11:34:02', NULL, 'ACL-CMD-30122019-005', 5, 1, NULL, '424.00', '5000.00', 1, 3, 1, 5),
(133, 69, '30/12/2019', 1, '12.00', '12.00', '50000.00', '50000.00', 'Oui', NULL, 2, NULL, '2019-12-31 11:37:41', NULL, 'ACL-CMD-30122019-006', 5, 1, NULL, '424.00', '5000.00', 1, 3, 1, 6),
(134, 30, '31/12/2019', 7, '12.00', '84.00', '60000.00', '420000.00', 'Oui', NULL, 2, NULL, '2020-01-01 20:43:51', NULL, 'ACL-CMD-31122019-001', 5, 1, NULL, '424.00', '5000.00', 1, 3, 4, 1),
(135, 12, '01/01/2020', 1, '12.00', '12.00', '50000.00', '50000.00', 'Oui', NULL, 2, NULL, '2020-01-01 22:45:40', NULL, 'ACL-CMD-01012020-001', 5, 1, NULL, '424.00', '5000.00', 1, 3, 1, 1),
(136, 86, '01/01/2020', 1, '12.00', '12.00', '50000.00', '50000.00', 'Oui', NULL, 2, NULL, '2020-01-01 22:46:15', NULL, 'ACL-CMD-01012020-002', 5, 1, NULL, '424.00', '5000.00', 1, 3, 1, 2),
(137, 84, '01/01/2020', 1, '12.00', '12.00', '50000.00', '50000.00', 'Oui', NULL, 2, NULL, '2020-01-01 22:47:11', NULL, 'ACL-CMD-01012020-003', 5, 1, NULL, '424.00', '5000.00', 1, 3, 1, 3),
(138, 70, '01/01/2020', 1, '12.00', '12.00', '50000.00', '50000.00', 'Oui', NULL, 2, NULL, '2020-01-01 22:49:19', NULL, 'ACL-CMD-01012020-004', 5, 1, NULL, '424.00', '5000.00', 1, 3, 1, 4),
(139, 78, '01/01/2020', 1, '12.00', '12.00', '50000.00', '50000.00', 'Oui', NULL, 2, NULL, '2020-01-01 22:50:00', NULL, 'ACL-CMD-01012020-005', 5, 1, NULL, '424.00', '5000.00', 1, 3, 1, 5),
(140, 79, '01/01/2020', 1, '12.00', '12.00', '50000.00', '50000.00', 'Oui', NULL, 2, NULL, '2020-01-01 22:50:42', NULL, 'ACL-CMD-01012020-006', 5, 1, NULL, '424.00', '5000.00', 1, 3, 1, 6),
(141, 64, '03/01/2020', 2, '12.00', '24.00', '3000.00', '6000.00', 'Oui', NULL, 2, NULL, '2020-01-06 14:26:07', '2020-01-06 16:25:39', 'ACL-CMD-02012020-001', 5, 2, NULL, '424.00', '5000.00', 1, 3, 1, 1),
(142, 61, '02/01/2020', 3, '12.00', '36.00', '3000.00', '9000.00', 'Oui', NULL, 2, NULL, '2020-01-06 14:30:32', '2020-01-06 15:13:28', 'ACL-CMD-02012020-002', 5, 2, NULL, '424.00', '5000.00', 1, 3, 1, 2),
(143, 12, '02/01/2020', 2, '12.00', '24.00', '3000.00', '6000.00', 'Oui', NULL, 2, 1, '2020-01-06 14:34:05', '2020-01-06 14:49:36', 'ACL-CMD-02012020-003', 5, 2, NULL, '424.00', '5000.00', NULL, NULL, 1, 3),
(144, 46, '03/01/2020', 1, '12.00', '12.00', '50000.00', '50000.00', 'Oui', NULL, 2, NULL, '2020-01-06 14:36:21', '2020-01-06 16:11:36', 'ACL-CMD-02012020-004', 5, 1, NULL, '424.00', '5000.00', 1, 3, 1, 4),
(145, 87, '02/01/2020', 1, '12.00', '12.00', '3000.00', '3000.00', 'Oui', NULL, 2, NULL, '2020-01-06 15:26:41', NULL, 'ACL-CMD-02012020-005', 5, 2, NULL, '424.00', '5000.00', 1, 3, 1, 5),
(146, 88, '02/01/2020', 1, '12.00', '12.00', '3000.00', '3000.00', 'Oui', NULL, 2, NULL, '2020-01-06 15:43:56', NULL, 'ACL-CMD-02012020-006', 5, 2, NULL, '424.00', '5000.00', 1, 3, 1, 6),
(147, 89, '02/01/2020', 2, '12.00', '24.00', '3000.00', '6000.00', 'Oui', NULL, 2, NULL, '2020-01-06 15:50:46', NULL, 'ACL-CMD-02012020-007', 5, 2, NULL, '424.00', '5000.00', 1, 3, 1, 7),
(148, 61, '03/01/2020', 1, '12.00', '12.00', '3000.00', '3000.00', 'Oui', NULL, 2, NULL, '2020-01-06 15:56:52', '2020-01-06 16:03:43', 'ACL-CMD-02012020-008', 5, 2, NULL, '424.00', '5000.00', 1, 3, 1, 8),
(149, 90, '03/01/2020', 2, '12.00', '24.00', '40000.00', '80000.00', 'Oui', NULL, 2, NULL, '2020-01-06 16:02:32', '2020-01-06 16:05:10', 'ACL-CMD-02012020-009', 5, 1, NULL, '424.00', '5000.00', 1, 3, 1, 9),
(150, 90, '03/01/2020', 1, '12.00', '12.00', '3000.00', '3000.00', 'Oui', NULL, 2, NULL, '2020-01-06 16:03:16', '2020-01-06 16:04:39', 'ACL-CMD-02012020-010', 5, 2, NULL, '424.00', '5000.00', 1, 3, 1, 10),
(151, 59, '03/01/2020', 2, '12.00', '24.00', '3000.00', '6000.00', 'Oui', NULL, 2, NULL, '2020-01-06 16:13:03', NULL, 'ACL-CMD-03012020-011', 5, 2, NULL, '424.00', '5000.00', 1, 3, 1, 11),
(152, 91, '03/01/2020', 2, '12.00', '24.00', '50000.00', '100000.00', 'Oui', NULL, 3, NULL, '2020-01-06 16:19:06', '2020-01-08 23:50:54', 'ACL-CMD-03012020-012', 5, 1, NULL, '424.00', '5000.00', 1, 3, 1, 12),
(153, 94, '04/01/2020', 1, '12.00', '12.00', '3000.00', '3000.00', 'Oui', NULL, 2, NULL, '2020-01-07 11:44:23', '2020-01-07 11:45:28', 'ACL-CMD-04012019-001', 5, 2, NULL, '424.00', '5000.00', 1, 3, 1, 1),
(154, 88, '04/01/2020', 1, '12.00', '12.00', '3000.00', '3000.00', 'Oui', NULL, 2, NULL, '2020-01-07 11:51:52', NULL, 'ACL-CMD-04012020-002', 5, 2, NULL, '424.00', '5000.00', 1, 3, 1, 2),
(155, 95, '04/01/2020', 1, '12.00', '12.00', '3000.00', '3000.00', 'Oui', NULL, 2, NULL, '2020-01-07 12:18:28', NULL, 'ACL-CMD-04012020-003', 5, 2, NULL, '424.00', '5000.00', 1, 3, 1, 3),
(156, 96, '04/01/2020', 1, '12.00', '12.00', '3000.00', '3000.00', 'Oui', NULL, 2, NULL, '2020-01-07 12:29:01', NULL, 'ACL-CMD-04012020-004', 5, 2, NULL, '424.00', '5000.00', 1, 3, 1, 4),
(157, 46, '04/01/2020', 2, '12.00', '24.00', '45000.00', '90000.00', 'Oui', NULL, 2, NULL, '2020-01-07 12:40:21', NULL, 'ACL-CMD-04012020-005', 5, 1, NULL, '424.00', '5000.00', 1, 3, 1, 5),
(158, 97, '04/01/2020', 2, '12.00', '24.00', '55000.00', '110000.00', 'Oui', NULL, 2, NULL, '2020-01-07 12:46:12', NULL, 'ACL-CMD-04012020-006', 5, 1, NULL, '424.00', '5000.00', 1, 3, 1, 6),
(159, 92, '04/01/2020', 1, '12.00', '12.00', '55000.00', '55000.00', 'Oui', NULL, 2, NULL, '2020-01-07 12:49:13', NULL, 'ACL-CMD-04012020-007', 5, 1, NULL, '424.00', '5000.00', 1, 3, 1, 7),
(160, 92, '04/01/2020', 1, '12.00', '12.00', '55000.00', '55000.00', 'Oui', NULL, 2, 1, '2020-01-07 12:49:16', '2020-01-07 13:23:37', 'ACL-CMD-04012020-008', 5, 1, NULL, '424.00', '5000.00', NULL, NULL, 1, 8),
(161, 46, '06/01/2020', 4, '12.00', '48.00', '45000.00', '180000.00', 'Oui', NULL, 2, NULL, '2020-01-07 12:58:05', '2020-01-07 13:00:06', 'ACL-CMD-04012020-009', 5, 1, NULL, '424.00', '5000.00', 1, 3, 1, 9),
(162, 93, '06/01/2020', 6, '12.00', '72.00', '2500.00', '15000.00', 'Oui', NULL, 2, NULL, '2020-01-07 13:11:28', NULL, 'ACL-CMD-06012020-010', 5, 2, NULL, '424.00', '5000.00', 1, 3, 1, 10),
(163, 11, '06/01/2020', 1, '12.00', '12.00', '35000.00', '35000.00', 'Oui', NULL, 2, NULL, '2020-01-07 13:21:02', NULL, 'ACL-CMD-06012020-011', 5, 1, NULL, '424.00', '5000.00', 1, 3, 1, 11),
(164, 48, '07/01/2020', 4, '12.00', '48.00', '50000.00', '200000.00', 'Oui', NULL, 2, NULL, '2020-01-07 18:43:34', NULL, 'ACL-CMD-07012020-001', 5, 1, NULL, '424.00', '5000.00', 1, 3, 1, 1),
(165, 98, '07/01/2020', 2, '12.00', '24.00', '55000.00', '110000.00', 'Oui', NULL, 2, NULL, '2020-01-07 18:44:24', NULL, 'ACL-CMD-07012020-002', 5, 1, NULL, '424.00', '5000.00', 1, 3, 1, 2),
(166, 48, '07/01/2020', 2, '12.00', '24.00', '50000.00', '100000.00', 'Oui', NULL, 2, NULL, '2020-01-07 21:41:22', NULL, 'ACL-CMD-07012020-003', 5, 1, NULL, '424.00', '5000.00', 1, 3, 1, 3),
(167, 77, '07/01/2020', 2, '12.00', '24.00', '55000.00', '110000.00', 'Oui', NULL, 2, NULL, '2020-01-07 22:38:19', NULL, 'ACL-CMD-07012020-004', 5, 1, NULL, '424.00', '5000.00', 1, 3, 1, 4),
(168, 93, '07/01/2020', 3, '12.00', '36.00', '2500.00', '7500.00', 'Oui', NULL, 2, NULL, '2020-01-07 22:41:31', NULL, 'ACL-CMD-07012020-005', 5, 2, NULL, '424.00', '5000.00', 1, 3, 1, 5),
(169, 10, '07/01/2020', 1, '12.00', '12.00', '50000.00', '50000.00', 'Oui', NULL, 2, NULL, '2020-01-07 22:46:31', NULL, 'ACL-CMD-07012020-006', 5, 1, NULL, '424.00', '5000.00', 1, 3, 1, 6),
(170, 99, '07/01/2020', 1, '12.00', '12.00', '50000.00', '50000.00', 'Oui', NULL, 2, NULL, '2020-01-07 22:51:14', NULL, 'ACL-CMD-07012020-007', 5, 1, NULL, '424.00', '5000.00', 1, 3, 1, 7),
(171, 17, '08/01/2020', 1, '12.00', '12.00', '50000.00', '50000.00', 'Oui', NULL, 2, NULL, '2020-01-08 22:57:51', NULL, 'ACL-CMD-08012020-001', 5, 1, NULL, '424.00', '5000.00', 1, 3, 1, 1),
(172, 30, '08/01/2020', 1, '12.00', '12.00', '60000.00', '60000.00', 'Oui', NULL, 2, NULL, '2020-01-08 23:00:00', NULL, 'ACL-CMD-08012020-002', 5, 1, NULL, '424.00', '5000.00', 1, 3, 1, 2),
(173, 59, '08/01/2020', 2, '12.00', '24.00', '3000.00', '6000.00', 'Oui', NULL, 2, NULL, '2020-01-08 23:04:13', NULL, 'ACL-CMD-08012020-003', 5, 2, NULL, '424.00', '5000.00', 1, 3, 1, 3),
(174, 100, '08/01/2020', 2, '12.00', '24.00', '35000.00', '70000.00', 'Oui', NULL, 2, NULL, '2020-01-08 23:06:06', NULL, 'ACL-CMD-08012020-004', 5, 1, NULL, '424.00', '5000.00', 1, 3, 1, 4),
(175, 93, '08/01/2020', 1, '12.00', '12.00', '2500.00', '2500.00', 'Oui', NULL, 2, NULL, '2020-01-08 23:12:46', '2020-01-08 23:23:47', 'ACL-CMD-08012020-005', 5, 2, NULL, '424.00', '5000.00', 1, 3, 1, 5),
(176, 101, '08/01/2020', 1, '12.00', '12.00', '3000.00', '3000.00', 'Oui', NULL, 2, NULL, '2020-01-08 23:15:27', NULL, 'ACL-CMD-08012020-006', 5, 2, NULL, '424.00', '5000.00', 1, 3, 1, 6),
(177, 38, '09/01/2020', 1, '12.00', '12.00', '60000.00', '60000.00', 'Oui', NULL, 2, NULL, '2020-01-09 23:35:05', NULL, 'ACL-CMD-09012020-001', 5, 1, NULL, '424.00', '5000.00', 1, 3, 1, 1),
(178, 102, '09/01/2020', 1, '12.00', '12.00', '3000.00', '3000.00', 'Oui', NULL, 3, NULL, '2020-01-10 18:11:49', '2020-01-10 18:14:47', 'ACL-CMD-09012019-001', 5, 1, NULL, '424.00', '5000.00', NULL, NULL, 1, 1);

-- --------------------------------------------------------

--
-- Structure de la table `acl_conversion`
--

DROP TABLE IF EXISTS `acl_conversion`;
CREATE TABLE IF NOT EXISTS `acl_conversion` (
  `idacl_conversion` int(10) UNSIGNED NOT NULL AUTO_INCREMENT,
  `idmonnaie_1` int(10) UNSIGNED DEFAULT NULL,
  `taux_1` decimal(10,2) DEFAULT NULL,
  `idmonnaie_2` int(10) UNSIGNED DEFAULT NULL,
  `taux_2` decimal(10,2) DEFAULT NULL,
  `id_user` int(10) UNSIGNED DEFAULT NULL,
  `date_creation` datetime DEFAULT NULL,
  `date_last_modif` datetime DEFAULT NULL,
  `est_supprime` int(10) UNSIGNED DEFAULT NULL,
  PRIMARY KEY (`idacl_conversion`)
) ENGINE=MyISAM AUTO_INCREMENT=10 DEFAULT CHARSET=latin1;

--
-- Déchargement des données de la table `acl_conversion`
--

INSERT INTO `acl_conversion` (`idacl_conversion`, `idmonnaie_1`, `taux_1`, `idmonnaie_2`, `taux_2`, `id_user`, `date_creation`, `date_last_modif`, `est_supprime`) VALUES
(1, 2, '420.00', 1, '5000.00', 1, '2019-11-27 16:14:22', NULL, NULL),
(2, 2, '400.00', 1, '5000.00', 1, '2019-11-27 16:14:33', NULL, NULL),
(3, 2, '425.00', 1, '5000.00', 3, '2019-11-29 00:56:34', NULL, NULL),
(4, 2, '426.00', 1, '5000.00', 3, '2019-11-29 00:57:01', NULL, NULL),
(5, 2, '424.00', 1, '5000.00', 3, '2019-11-29 00:57:30', NULL, NULL),
(6, 2, '423.00', 1, '5000.00', 3, '2019-11-29 00:57:47', NULL, NULL),
(7, 2, '422.00', 1, '5000.00', 3, '2019-11-29 00:58:04', NULL, NULL),
(8, 2, '422.00', 1, '5000.00', 3, '2019-11-29 00:58:21', '2019-11-29 00:58:38', 1),
(9, 2, '421.00', 1, '5000.00', 3, '2019-11-29 00:59:03', NULL, NULL);

-- --------------------------------------------------------

--
-- Structure de la table `acl_livraison`
--

DROP TABLE IF EXISTS `acl_livraison`;
CREATE TABLE IF NOT EXISTS `acl_livraison` (
  `idacl_livraison` bigint(20) NOT NULL AUTO_INCREMENT,
  `idacl_personnel` int(10) UNSIGNED NOT NULL,
  `idacl_client` int(10) UNSIGNED NOT NULL,
  `idacl_vehicule` int(10) UNSIGNED NOT NULL,
  `idacl_typec` int(10) UNSIGNED NOT NULL,
  `volume` decimal(10,2) DEFAULT NULL,
  `nbr_camions` int(10) UNSIGNED DEFAULT NULL,
  `prix_m3` decimal(18,2) DEFAULT NULL,
  `quantite` decimal(10,2) DEFAULT NULL,
  `destination` varchar(150) DEFAULT NULL,
  `num_livraison` varchar(20) DEFAULT NULL,
  `id_conversion` int(10) UNSIGNED DEFAULT NULL,
  `taux_1` decimal(10,2) DEFAULT NULL,
  `taux_2` decimal(10,2) DEFAULT NULL,
  `id_user` int(10) UNSIGNED DEFAULT NULL,
  `est_supprime` int(10) UNSIGNED DEFAULT NULL,
  `date_creation` datetime DEFAULT NULL,
  `date_last_modif` datetime DEFAULT NULL,
  `validation` int(10) UNSIGNED DEFAULT NULL,
  `id_user_validation` int(10) UNSIGNED DEFAULT NULL,
  `idacl_monnaie` int(10) UNSIGNED DEFAULT NULL,
  `date_livrai` varchar(12) DEFAULT NULL,
  `accuse_commande` varchar(30) DEFAULT NULL,
  `num_liv_jour` int(11) DEFAULT NULL,
  PRIMARY KEY (`idacl_livraison`),
  KEY `acl_livraison_FKIndex1` (`idacl_typec`),
  KEY `acl_livraison_FKIndex3` (`idacl_vehicule`),
  KEY `acl_livraison_FKIndex4` (`idacl_client`),
  KEY `acl_livraison_FKIndex5` (`idacl_personnel`)
) ENGINE=MyISAM AUTO_INCREMENT=307 DEFAULT CHARSET=latin1;

--
-- Déchargement des données de la table `acl_livraison`
--

INSERT INTO `acl_livraison` (`idacl_livraison`, `idacl_personnel`, `idacl_client`, `idacl_vehicule`, `idacl_typec`, `volume`, `nbr_camions`, `prix_m3`, `quantite`, `destination`, `num_livraison`, `id_conversion`, `taux_1`, `taux_2`, `id_user`, `est_supprime`, `date_creation`, `date_last_modif`, `validation`, `id_user_validation`, `idacl_monnaie`, `date_livrai`, `accuse_commande`, `num_liv_jour`) VALUES
(4, 8, 4, 2, 1, '12.00', 1, '25000.00', NULL, 'DAROU ...', 'ACL-L-26112019-001', 5, '424.00', '5000.00', 2, NULL, '2019-12-02 14:40:05', '2019-12-05 16:22:25', 1, 3, 1, '26/11/2019', 'ACL-CMD-26112019-002', 1),
(5, 10, 4, 3, 1, '12.00', 1, '25000.00', NULL, 'DAROU ...', 'ACL-L-26112019-002', 5, '424.00', '5000.00', 2, NULL, '2019-12-02 14:45:40', '2019-12-05 16:22:35', 1, 3, 1, '26/11/2019', 'ACL-CMD-26112019-002', 2),
(6, 10, 6, 3, 1, '12.00', 1, '2700.00', NULL, 'KEUR C...', 'ACL-L-26112019-003', 5, '424.00', '5000.00', 2, NULL, '2019-12-02 14:48:49', NULL, 1, 3, 2, '26/11/2019', 'ACL-CMD-26112019-002', 3),
(7, 8, 6, 2, 1, '12.00', 1, '2700.00', NULL, 'KEUR C...', 'ACL-L-26112019-004', 5, '424.00', '5000.00', 2, NULL, '2019-12-02 14:50:23', NULL, 1, 3, 2, '26/11/2019', 'ACL-CMD-26112019-002', 4),
(8, 9, 6, 4, 1, '12.00', 1, '2700.00', NULL, 'KEUR C...', 'ACL-L-26112019-005', 5, '424.00', '5000.00', 2, NULL, '2019-12-02 14:51:37', NULL, 1, 3, 2, '26/11/2019', 'ACL-CMD-26112019-002', 5),
(9, 8, 5, 2, 1, '12.00', 1, '2700.00', NULL, 'DAROU ...', 'ACL-L-27112019-001', 5, '424.00', '5000.00', 2, NULL, '2019-12-02 14:53:50', NULL, 1, 3, 2, '27/11/2019', 'ACL-CMD-27112019-003', 1),
(10, 9, 5, 4, 1, '12.00', 1, '2700.00', NULL, 'DAROU ...', 'ACL-L-27112019-002', 5, '424.00', '5000.00', 2, NULL, '2019-12-02 14:55:49', NULL, 1, 3, 2, '27/11/2019', 'ACL-CMD-27112019-003', 2),
(11, 8, 7, 2, 1, '12.00', 1, '60000.00', NULL, 'KEUR L...', 'ACL-L-27112019-003', 5, '424.00', '5000.00', 2, NULL, '2019-12-02 14:58:13', '2019-12-05 16:23:12', 1, 3, 1, '27/11/2019', 'ACL-CMD-27112019-002', 3),
(12, 10, 7, 3, 1, '12.00', 1, '60000.00', NULL, 'KEUR L...', 'ACL-L-27112019-004', 5, '424.00', '5000.00', 2, NULL, '2019-12-02 14:59:10', NULL, 1, 3, 1, '27/11/2019', 'ACL-CMD-27112019-002', 4),
(13, 9, 7, 4, 1, '12.00', 1, '60000.00', NULL, 'KEUR L...', 'ACL-L-27112019-005', 5, '424.00', '5000.00', 2, NULL, '2019-12-02 15:00:06', NULL, 1, 3, 1, '27/11/2019', 'ACL-CMD-27112019-002', 5),
(14, 9, 6, 4, 1, '12.00', 1, '2700.00', NULL, 'KEUR C...', 'ACL-L-27112019-006', 5, '424.00', '5000.00', 2, NULL, '2019-12-02 15:01:33', NULL, 1, 3, 2, '27/11/2019', 'ACL-CMD-27112019-002', 6),
(15, 8, 7, 2, 1, '12.00', 1, '6000.00', NULL, 'KEUR L...', 'ACL-L-28112019-001', 5, '424.00', '5000.00', 2, NULL, '2019-12-02 15:08:43', NULL, 1, 3, 1, '28/11/2019', 'ACL-CMD-29112019-002	', 1),
(16, 10, 8, 3, 1, '12.00', 1, '2700.00', NULL, 'KEUR C...', 'ACL-L-28112019-002', 5, '424.00', '5000.00', 2, NULL, '2019-12-02 15:10:32', NULL, 1, 3, 2, '28/11/2019', 'ACL-CMD-28112019-005	', 2),
(17, 10, 8, 4, 1, '12.00', 1, '2700.00', NULL, 'KEUR C...', 'ACL-L-28112019-003', 5, '424.00', '5000.00', 2, NULL, '2019-12-02 15:13:05', NULL, 1, 3, 2, '28/11/2019', 'ACL-CMD-28112019-005	', 3),
(18, 8, 9, 2, 1, '12.00', 1, '2800.00', NULL, 'KEUR P...', 'ACL-L-28112019-004', 5, '424.00', '5000.00', 2, NULL, '2019-12-02 15:15:34', '2019-12-02 15:17:24', 1, 3, 2, '28/11/2019', 'ACL-CMD-28112019-004	', 4),
(19, 9, 12, 4, 1, '12.00', 1, '50000.00', NULL, 'KEUR A...', 'ACL-L-29112019-001', 5, '424.00', '5000.00', 2, 1, '2019-12-02 15:15:42', '2020-01-06 14:43:36', NULL, NULL, 1, '29/11/2019', 'ACL-CMD-29112019-001', 1),
(20, 10, 13, 3, 1, '12.00', 1, '50000.00', NULL, 'KEUR A...', 'ACL-L-29112019-002', 5, '424.00', '5000.00', 2, NULL, '2019-12-02 15:17:10', NULL, 1, 3, 1, '29/11/2019', 'ACL-CMD-29112019-002', 2),
(21, 9, 9, 4, 1, '12.00', 1, '2800.00', NULL, 'KEUR P...', 'ACL-L-28112019-005', 5, '424.00', '5000.00', 2, NULL, '2019-12-02 15:19:21', NULL, 1, 3, 2, '28/11/2019', 'ACL-CMD-28112019-004	', 5),
(22, 8, 15, 2, 1, '12.00', 1, '50000.00', NULL, 'MEDINA...', 'ACL-L-01122019-004', 5, '424.00', '5000.00', 2, NULL, '2019-12-02 15:19:54', '2019-12-02 15:40:27', 1, 3, 1, '01/12/2019', 'ACL-CMD-01122019-001', 4),
(23, 9, 15, 4, 1, '12.00', 1, '50000.00', NULL, 'MEDINA...', 'ACL-L-01122019-002', 5, '424.00', '5000.00', 2, NULL, '2019-12-02 15:21:40', NULL, 1, 3, 1, '01/12/2019', 'ACL-CMD-01122019-001', 2),
(24, 9, 16, 4, 1, '12.00', 1, '25000.00', NULL, 'ABI SA...', 'ACL-L-28112019-006', 5, '424.00', '5000.00', 2, NULL, '2019-12-02 15:24:05', NULL, 1, 3, 1, '28/11/2019', 'ACL-CMD-28112019-006	', 6),
(25, 10, 9, 3, 1, '12.00', 1, '3000.00', NULL, 'KEUR P...', 'ACL-L-01122019-004', 5, '424.00', '5000.00', 2, 1, '2019-12-02 15:24:06', '2019-12-02 16:04:24', NULL, NULL, 2, '01/12/2019', 'ACL-CMD-01122019-002', 4),
(26, 10, 14, 3, 1, '12.00', 1, '3000.00', NULL, 'DOBO...', 'ACL-L-01122019-004', 5, '424.00', '5000.00', 2, 1, '2019-12-02 15:28:22', '2019-12-02 16:04:16', NULL, NULL, 2, '01/12/2019', 'ACL-CMD-01122019-003', 4),
(27, 8, 15, 2, 1, '12.00', 1, '50000.00', NULL, 'MEDINA...', 'ACL-L-01122019-006', 5, '424.00', '5000.00', 2, NULL, '2019-12-02 15:42:08', '2019-12-02 15:45:20', 1, 3, 1, '01/12/2019', 'ACL-CMD-01122019-001', 6),
(28, 9, 9, 3, 1, '12.00', 1, '3000.00', NULL, 'KEUR P...', 'ACL-L-01122019-006', 5, '424.00', '5000.00', 2, 1, '2019-12-02 15:44:17', '2019-12-02 16:04:08', NULL, NULL, 2, '01/12/2019', 'ACL-CMD-01122019-002', 6),
(29, 9, 4, 4, 1, '12.00', 1, '25000.00', NULL, 'DAROU ...', 'ACL-L-26112019-006', 5, '424.00', '5000.00', 2, NULL, '2019-12-02 15:56:29', '2019-12-05 16:22:57', 1, 3, 1, '26/11/2019', 'ACL-CMD-26112019-002', 6),
(30, 10, 9, 3, 1, '12.00', 1, '3000.00', NULL, 'KEUR P...', 'ACL-L-01122019-007', 5, '424.00', '5000.00', 2, NULL, '2019-12-02 16:07:00', NULL, 1, 3, 2, '01/12/2019', 'ACL-CMD-01122019-002', 7),
(31, 10, 9, 3, 1, '12.00', 1, '3000.00', NULL, 'KEUR P...', 'ACL-L-01122019-008', 5, '424.00', '5000.00', 2, NULL, '2019-12-02 16:08:07', NULL, 1, 3, 2, '01/12/2019', 'ACL-CMD-01122019-002', 8),
(32, 10, 14, 3, 1, '12.00', 1, '3000.00', NULL, 'DOBO...', 'ACL-L-01122019-009', 5, '424.00', '5000.00', 2, NULL, '2019-12-02 16:09:48', NULL, 1, 3, 2, '01/12/2019', 'ACL-CMD-01122019-003', 9),
(33, 8, 10, 2, 1, '12.00', 1, '50000.00', NULL, 'KEUR A...', 'ACL-L-02122019-001', 5, '424.00', '5000.00', 2, NULL, '2019-12-02 23:24:14', NULL, 1, 3, 1, '02/12/2019', 'ACL-CMD-02122019-001', 1),
(34, 10, 10, 3, 1, '12.00', 1, '50000.00', NULL, 'KEUR A...', 'ACL-L-02122019-001', 5, '424.00', '5000.00', 2, NULL, '2019-12-02 23:25:20', NULL, 1, 3, 1, '02/12/2019', 'ACL-CMD-02122019-001', 1),
(35, 9, 10, 4, 1, '12.00', 1, '50000.00', NULL, 'KEUR A...', 'ACL-L-02122019-001', 5, '424.00', '5000.00', 2, NULL, '2019-12-02 23:26:13', NULL, 1, 3, 1, '02/12/2019', 'ACL-CMD-02122019-001', 1),
(36, 9, 10, 4, 1, '12.00', 1, '50000.00', NULL, 'KEUR A...', 'ACL-L-02122019-001', 5, '424.00', '5000.00', 2, NULL, '2019-12-02 23:28:00', NULL, 1, 3, 1, '02/12/2019', 'ACL-CMD-02122019-001', 1),
(37, 8, 17, 2, 1, '12.00', 1, '50000.00', NULL, 'KEUR N...', 'ACL-L-02122019-001', 5, '424.00', '5000.00', 2, NULL, '2019-12-02 23:29:31', NULL, 1, 3, 1, '02/12/2019', 'ACL-CMD-02122019-001', 1),
(38, 9, 17, 4, 1, '12.00', 1, '50000.00', NULL, 'KEUR N...', 'ACL-L-02122019-001', 5, '424.00', '5000.00', 2, NULL, '2019-12-02 23:31:07', NULL, 1, 3, 1, '02/12/2019', 'ACL-CMD-02122019-001', 1),
(39, 8, 10, 2, 1, '12.00', 1, '50000.00', NULL, 'KEUR A...', 'ACL-L-03122019-001', 5, '424.00', '5000.00', 2, NULL, '2019-12-05 15:57:32', NULL, 1, 3, 1, '03/12/2019', 'ACL-CMD-03122019-001', 1),
(40, 10, 18, 3, 1, '12.00', 1, '50000.00', NULL, 'KEUR N...', 'ACL-L-03122019-002', 5, '424.00', '5000.00', 2, NULL, '2019-12-05 15:58:44', NULL, 1, 3, 1, '03/12/2019', 'ACL-CMD-03122019-001', 2),
(41, 9, 19, 4, 1, '12.00', 1, '50000.00', NULL, 'CROISE...', 'ACL-L-04122019-001', 5, '424.00', '5000.00', 2, 1, '2019-12-05 16:00:33', '2019-12-09 19:05:20', NULL, NULL, 1, '04/12/2019', 'ACL-CMD-04122019-001', 1),
(42, 9, 10, 4, 1, '12.00', 1, '50000.00', NULL, 'KEUR A...', 'ACL-L-04122019-002', 5, '424.00', '5000.00', 2, NULL, '2019-12-05 16:01:32', NULL, 1, 3, 1, '04/12/2019', 'ACL-CMD-04122019-001', 2),
(43, 9, 23, 4, 1, '12.00', 1, '3000.00', NULL, 'KEUR B...', 'ACL-L-04122019-003', 5, '424.00', '5000.00', 2, NULL, '2019-12-05 16:02:26', NULL, 1, 3, 2, '04/12/2019', 'ACL-CMD-04122019-001', 3),
(44, 8, 24, 2, 1, '12.00', 1, '45000.00', NULL, 'SANTHI...', 'ACL-L-04122019-004', 5, '424.00', '5000.00', 2, NULL, '2019-12-05 16:03:44', NULL, 1, 3, 1, '04/12/2019', 'ACL-CMD-04122019-001', 4),
(45, 8, 24, 2, 1, '12.00', 1, '45000.00', NULL, 'SANTHI...', 'ACL-L-04122019-005', 5, '424.00', '5000.00', 2, NULL, '2019-12-05 16:04:23', '2019-12-05 16:06:58', 1, 3, 1, '04/12/2019', 'ACL-CMD-04122019-001', 5),
(46, 10, 24, 3, 1, '12.00', 1, '45000.00', NULL, 'SANTHI...', 'ACL-L-04122019-006', 5, '424.00', '5000.00', 2, NULL, '2019-12-05 16:04:55', NULL, 1, 3, 1, '04/12/2019', 'ACL-CMD-04122019-001', 6),
(47, 10, 24, 3, 1, '12.00', 1, '45000.00', NULL, 'SANTHI...', 'ACL-L-04122019-007', 5, '424.00', '5000.00', 3, NULL, '2019-12-05 16:09:47', '2019-12-06 18:32:52', 1, 3, 1, '04/12/2019', 'ACL-CMD-04122019-001', 7),
(48, 10, 17, 3, 1, '12.00', 1, '50000.00', NULL, 'KEUR N...', 'ACL-L-06122019-001', 5, '424.00', '5000.00', 2, NULL, '2019-12-06 20:45:01', NULL, 1, 3, 1, '06/12/2019', 'ACL-CMD-06122019-001', 1),
(49, 9, 17, 4, 1, '12.00', 1, '50000.00', NULL, 'KEUR N...', 'ACL-L-06122019-002', 5, '424.00', '5000.00', 2, NULL, '2019-12-06 20:46:07', NULL, 1, 3, 1, '06/12/2019', 'ACL-CMD-06122019-001', 2),
(50, 8, 25, 2, 1, '12.00', 1, '50000.00', NULL, 'KEUR N...', 'ACL-L-06122019-003', 5, '424.00', '5000.00', 2, NULL, '2019-12-06 20:47:07', NULL, 1, 3, 1, '06/12/2019', 'ACL-CMD-06122019-002', 3),
(51, 10, 11, 3, 1, '12.00', 1, '25000.00', NULL, 'ABY SA...', 'ACL-L-06122019-004', 5, '424.00', '5000.00', 2, NULL, '2019-12-06 20:48:48', NULL, 1, 3, 1, '06/12/2019', 'ACL-CMD-06122019-003', 4),
(52, 10, 26, 3, 1, '12.00', 1, '50000.00', NULL, 'KEUR A...', 'ACL-L-05122019-001', 5, '424.00', '5000.00', 2, NULL, '2019-12-06 20:54:17', NULL, 1, 3, 1, '05/12/2019', 'ACL-CMD-05122019-001', 1),
(53, 10, 27, 3, 1, '12.00', 1, '3000.00', NULL, 'KEUR P...', 'ACL-L-06122019-005', 5, '424.00', '5000.00', 2, NULL, '2019-12-06 20:55:54', NULL, 1, 3, 2, '06/12/2019', 'ACL-CMD-06122019-004', 5),
(54, 8, 19, 2, 1, '12.00', 1, '50000.00', NULL, 'CROISE...', 'ACL-L-07122019-001', 5, '424.00', '5000.00', 2, 1, '2019-12-07 21:50:45', '2019-12-09 19:05:47', NULL, NULL, 1, '07/12/2019', 'ACL-CMD-07122019-001', 1),
(55, 9, 10, 4, 1, '12.00', 1, '50000.00', NULL, 'KEUR A...', 'ACL-L-07122019-002', 5, '424.00', '5000.00', 3, NULL, '2019-12-07 21:52:07', '2019-12-09 01:17:03', 1, 3, 1, '07/12/2019', 'ACL-CMD-07122019-002', 2),
(56, 9, 10, 4, 1, '12.00', 1, '50000.00', NULL, 'KEUR A...', 'ACL-L-07122019-003', 5, '424.00', '5000.00', 3, NULL, '2019-12-07 21:53:52', '2019-12-09 01:12:05', 1, 3, 1, '07/12/2019', 'ACL-CMD-07122019-002', 3),
(57, 8, 11, 2, 1, '12.00', 1, '25000.00', NULL, 'ABYSAN...', 'ACL-L-07122019-004', 5, '424.00', '5000.00', 2, NULL, '2019-12-07 22:12:39', NULL, 1, 3, 1, '07/12/2019', 'ACL-CMD-07122019-003', 4),
(58, 8, 28, 2, 1, '12.00', 1, '50000.00', NULL, 'KEUR A...', 'ACL-L-07122019-005', 5, '424.00', '5000.00', 2, NULL, '2019-12-07 22:14:13', NULL, 1, 3, 1, '07/12/2019', 'ACL-CMD-07122019-004', 5),
(59, 9, 29, 4, 1, '12.00', 1, '3000.00', NULL, 'KEUR P...', 'ACL-L-07122019-006', 5, '424.00', '5000.00', 3, NULL, '2019-12-07 22:15:34', '2019-12-09 01:13:52', 1, 3, 2, '07/12/2019', 'ACL-CMD-07122019-005', 6),
(60, 8, 19, 2, 4, '12.00', 1, '55714.28', NULL, 'CROISE...', 'ACL-L-08122019-001', 5, '424.00', '5000.00', 2, 1, '2019-12-08 22:32:50', '2019-12-09 16:42:58', NULL, NULL, 1, '08/12/2019', 'ACL-CMD-08122019-001', 1),
(61, 8, 19, 2, 4, '12.00', 1, '55714.28', NULL, 'CROISE...', 'ACL-L-08122019-002', 5, '424.00', '5000.00', 2, 1, '2019-12-08 22:34:27', '2019-12-09 16:42:50', NULL, NULL, 1, '08/12/2019', 'ACL-CMD-08122019-001', 2),
(62, 8, 19, 2, 4, '12.00', 1, '55714.28', NULL, 'CROISE...', 'ACL-L-08122019-003', 5, '424.00', '5000.00', 2, 1, '2019-12-08 22:35:38', '2019-12-09 16:42:43', NULL, NULL, 1, '08/12/2019', 'ACL-CMD-08122019-001', 3),
(63, 8, 19, 2, 4, '12.00', 1, '55714.28', NULL, 'CROISE...', 'ACL-L-08122019-004', 5, '424.00', '5000.00', 2, 1, '2019-12-08 22:37:04', '2019-12-09 16:42:39', NULL, NULL, 1, '08/12/2019', 'ACL-CMD-08122019-001', 4),
(64, 9, 19, 4, 4, '12.00', 1, '50000.00', NULL, 'CROISE...', 'ACL-L-08122019-005', 5, '424.00', '5000.00', 3, 1, '2019-12-08 22:38:19', '2019-12-09 01:37:36', NULL, NULL, 1, '08/12/2019', 'ACL-CMD-08122019-002', 5),
(65, 9, 19, 4, 4, '12.00', 1, '55714.28', NULL, 'CROISE...', 'ACL-L-08122019-006', 5, '424.00', '5000.00', 2, 1, '2019-12-08 22:39:13', '2019-12-09 16:42:32', NULL, NULL, 1, '08/12/2019', 'ACL-CMD-08122019-002', 6),
(66, 9, 19, 4, 4, '12.00', 1, '55714.28', NULL, 'CROISE...', 'ACL-L-08122019-007', 5, '424.00', '5000.00', 2, 1, '2019-12-08 22:40:41', '2019-12-09 16:42:25', NULL, NULL, 1, '08/12/2019', 'ACL-CMD-08122019-002', 7),
(67, 8, 19, 2, 4, '12.00', 1, '60000.00', NULL, 'CROISE...', 'ACL-L-08122019-001', 5, '424.00', '5000.00', 2, 1, '2019-12-09 16:46:45', '2019-12-09 18:57:50', NULL, NULL, 1, '08/12/2019', 'ACL-CMD-08122019-001', 1),
(68, 8, 19, 2, 4, '12.00', 1, '60000.00', NULL, 'CROISE...', 'ACL-L-08122019-002', 5, '424.00', '5000.00', 2, 1, '2019-12-09 16:48:49', '2019-12-09 18:57:39', NULL, NULL, 1, '08/12/2019', 'ACL-CMD-08122019-001', 2),
(69, 8, 19, 2, 4, '12.00', 1, '60000.00', NULL, 'CROISE...', 'ACL-L-08122019-003', 5, '424.00', '5000.00', 2, 1, '2019-12-09 16:49:46', '2019-12-09 18:44:28', NULL, NULL, 1, '08/12/2019', 'ACL-CMD-08122019-001', 3),
(70, 8, 19, 2, 4, '12.00', 1, '60000.00', NULL, 'CROISE...', 'ACL-L-08122019-004', 5, '424.00', '5000.00', 2, 1, '2019-12-09 16:51:20', '2019-12-09 18:44:13', NULL, NULL, 1, '08/12/2019', 'ACL-CMD-08122019-001', 4),
(71, 9, 30, 4, 1, '12.00', 1, '50000.00', NULL, 'CROISE...', 'ACL-L-04122019-008', 5, '424.00', '5000.00', 2, NULL, '2019-12-09 19:14:53', NULL, 1, 3, 1, '04/12/2019', 'ACL-CMD-04122019-005', 8),
(72, 8, 30, 2, 1, '12.00', 1, '50000.00', NULL, 'CROISE...', 'ACL-L-07122019-007', 5, '424.00', '5000.00', 2, NULL, '2019-12-09 19:21:58', NULL, 1, 3, 1, '07/12/2019', 'ACL-CMD-07122019-006', 7),
(73, 8, 30, 2, 4, '12.00', 1, '60000.00', NULL, 'CROISE...', 'ACL-L-07122019-008', 5, '424.00', '5000.00', 2, NULL, '2019-12-09 19:34:40', NULL, 1, 3, 1, '07/12/2019', 'ACL-CMD-07122019-007', 8),
(74, 8, 30, 2, 4, '12.00', 1, '60000.00', NULL, 'CROISE...', 'ACL-L-08122019-001', 5, '424.00', '5000.00', 2, NULL, '2019-12-09 19:38:53', NULL, 1, 3, 1, '08/12/2019', 'ACL-CMD-07122019-007', 1),
(75, 8, 30, 2, 4, '12.00', 1, '60000.00', NULL, 'CROISE...', 'ACL-L-08122019-002', 5, '424.00', '5000.00', 2, NULL, '2019-12-09 19:39:52', NULL, 1, 3, 1, '08/12/2019', 'ACL-CMD-07122019-007', 2),
(76, 8, 30, 2, 4, '12.00', 1, '60000.00', NULL, 'CROISE...', 'ACL-L-08122019-003', 5, '424.00', '5000.00', 2, NULL, '2019-12-09 19:42:18', NULL, 1, 3, 1, '08/12/2019', 'ACL-CMD-07122019-007', 3),
(77, 9, 30, 4, 4, '12.00', 1, '50000.00', NULL, 'CROISE...', 'ACL-L-08122019-004', 5, '424.00', '5000.00', 2, NULL, '2019-12-10 12:24:18', NULL, 1, 3, 1, '08/12/2019', 'ACL-CMD-08122019-008', 4),
(78, 9, 30, 4, 4, '12.00', 1, '50000.00', NULL, 'CROISE...', 'ACL-L-08122019-005', 5, '424.00', '5000.00', 2, NULL, '2019-12-10 12:24:47', NULL, 1, 3, 1, '08/12/2019', 'ACL-CMD-08122019-008', 5),
(79, 9, 30, 4, 4, '12.00', 1, '50000.00', NULL, 'CROISE...', 'ACL-L-08122019-006', 5, '424.00', '5000.00', 2, NULL, '2019-12-10 12:25:37', NULL, 1, 3, 1, '08/12/2019', 'ACL-CMD-08122019-008', 6),
(80, 10, 10, 3, 1, '12.00', 1, '50000.00', NULL, 'KEUR A...', 'ACL-L-10122019-001', 5, '424.00', '5000.00', 2, NULL, '2019-12-10 22:40:04', NULL, 1, 3, 1, '10/12/2019', 'ACL-CMD-10122019-001', 1),
(81, 8, 10, 2, 1, '12.00', 1, '50000.00', NULL, 'KEUR A...', 'ACL-L-10122019-002', 5, '424.00', '5000.00', 2, NULL, '2019-12-10 22:41:47', NULL, 1, 3, 1, '10/12/2019', 'ACL-CMD-10122019-001', 2),
(82, 10, 31, 3, 1, '12.00', 1, '50000.00', NULL, 'KEUR A...', 'ACL-L-10122019-003', 5, '424.00', '5000.00', 2, NULL, '2019-12-10 22:43:15', NULL, 1, 3, 1, '10/12/2019', 'ACL-CMD-10122019-002', 3),
(83, 8, 32, 2, 1, '12.00', 1, '3000.00', NULL, 'NAWLER...', 'ACL-L-10122019-004', 5, '424.00', '5000.00', 2, NULL, '2019-12-10 22:46:19', NULL, 1, 3, 2, '10/12/2019', 'ACL-CMD-10122019-003', 4),
(84, 9, 32, 4, 1, '12.00', 1, '3000.00', NULL, 'NAWLER...', 'ACL-L-10122019-005', 5, '424.00', '5000.00', 2, NULL, '2019-12-10 22:48:08', NULL, 1, 3, 2, '10/12/2019', 'ACL-CMD-10122019-003', 5),
(85, 9, 32, 4, 1, '12.00', 1, '3000.00', NULL, 'NAWLER...', 'ACL-L-10122019-006', 5, '424.00', '5000.00', 2, NULL, '2019-12-10 22:49:36', NULL, 1, 3, 2, '10/12/2019', 'ACL-CMD-10122019-003', 6),
(86, 8, 33, 2, 1, '12.00', 1, '3000.00', NULL, 'NAWLER...', 'ACL-L-10122019-007', 5, '424.00', '5000.00', 2, NULL, '2019-12-10 22:51:18', NULL, 1, 3, 2, '10/12/2019', 'ACL-CMD-10122019-004', 7),
(87, 8, 34, 2, 1, '12.00', 1, '3000.00', NULL, 'DAROU ...', 'ACL-L-10122019-008', 5, '424.00', '5000.00', 2, NULL, '2019-12-10 22:52:39', NULL, 1, 3, 2, '10/12/2019', 'ACL-CMD-10122019-005', 8),
(88, 9, 34, 4, 1, '12.00', 1, '3000.00', NULL, 'DAROU ...', 'ACL-L-10122019-009', 5, '424.00', '5000.00', 2, NULL, '2019-12-10 22:53:53', NULL, 1, 3, 2, '10/12/2019', 'ACL-CMD-10122019-005', 9),
(89, 9, 26, 4, 1, '12.00', 1, '50000.00', NULL, 'KEUR A...', 'ACL-L-10122019-010', 5, '424.00', '5000.00', 2, NULL, '2019-12-11 12:00:59', NULL, 1, 3, 1, '10/12/2019', 'ACL-CMD-10122019-006', 10),
(90, 8, 10, 2, 1, '12.00', 1, '50000.00', NULL, 'KEUR A...', 'ACL-L-11122019-001', 5, '424.00', '5000.00', 2, NULL, '2019-12-12 07:50:15', NULL, 1, 3, 1, '11/12/2019', 'ACL-CMD-11122019-001', 1),
(91, 10, 11, 3, 1, '12.00', 1, '50000.00', NULL, 'KEUR A...', 'ACL-L-11122019-002', 5, '424.00', '5000.00', 3, NULL, '2019-12-12 07:50:58', '2019-12-12 14:19:35', 1, 3, 1, '11/12/2019', 'ACL-CMD-11122019-001', 2),
(92, 8, 30, 2, 1, '12.00', 1, '50000.00', NULL, 'CROISE...', 'ACL-L-12122019-001', 5, '424.00', '5000.00', 2, NULL, '2019-12-13 07:19:24', NULL, 1, 3, 1, '12/12/2019', 'ACL-CMD-12122019-001', 1),
(93, 9, 35, 4, 1, '12.00', 1, '50000.00', NULL, 'KEUR A...', 'ACL-L-12122019-002', 5, '424.00', '5000.00', 2, NULL, '2019-12-13 07:20:03', NULL, 1, 3, 1, '12/12/2019', 'ACL-CMD-12122019-002', 2),
(94, 8, 36, 2, 1, '12.00', 1, '3000.00', NULL, 'KEUR G...', 'ACL-L-12122019-003', 5, '424.00', '5000.00', 2, NULL, '2019-12-13 07:20:46', NULL, 1, 3, 1, '12/12/2019', 'ACL-CMD-12122019-003', 3),
(95, 9, 36, 4, 1, '12.00', 1, '3000.00', NULL, 'KEUR G...', 'ACL-L-12122019-004', 5, '424.00', '5000.00', 2, NULL, '2019-12-13 07:21:25', NULL, 1, 3, 2, '12/12/2019', 'ACL-CMD-12122019-003', 4),
(96, 10, 33, 3, 1, '12.00', 1, '3000.00', NULL, 'NAWLER...', 'ACL-L-12122019-005', 5, '424.00', '5000.00', 2, NULL, '2019-12-13 07:22:24', NULL, 1, 3, 2, '12/12/2019', 'ACL-CMD-12122019-004', 5),
(97, 10, 37, 3, 1, '12.00', 1, '50000.00', NULL, 'SANTHI...', 'ACL-L-13122019-001', 5, '424.00', '5000.00', 2, NULL, '2019-12-13 21:52:17', NULL, 1, 3, 1, '13/12/2019', 'ACL-CMD-13122019-001', 1),
(98, 10, 38, 3, 1, '12.00', 1, '50000.00', NULL, 'FARAFE...', 'ACL-L-13122019-002', 5, '424.00', '5000.00', 2, NULL, '2019-12-13 21:54:30', NULL, 1, 3, 1, '13/12/2019', 'ACL-CMD-13122019-002', 2),
(99, 8, 39, 2, 1, '12.00', 1, '50000.00', NULL, 'KEUR A...', 'ACL-L-13122019-003', 5, '424.00', '5000.00', 2, 1, '2019-12-13 21:56:31', '2019-12-13 22:02:22', NULL, NULL, 1, '13/12/2019', 'ACL-CMD-13122019-003', 3),
(100, 8, 39, 2, 1, '12.00', 1, '50000.00', NULL, 'KEUR A...', 'ACL-L-13122019-004', 5, '424.00', '5000.00', 2, NULL, '2019-12-13 21:57:33', NULL, 1, 3, 1, '13/12/2019', 'ACL-CMD-13122019-003', 4),
(101, 9, 39, 4, 1, '12.00', 1, '50000.00', NULL, 'KEUR A...', 'ACL-L-13122019-005', 5, '424.00', '5000.00', 2, NULL, '2019-12-13 21:57:33', '2019-12-13 22:02:43', 1, 3, 1, '13/12/2019', 'ACL-CMD-13122019-003', 5),
(102, 8, 40, 2, 1, '12.00', 1, '3000.00', NULL, 'NAWLER...', 'ACL-L-13122019-006', 5, '424.00', '5000.00', 2, NULL, '2019-12-13 21:59:30', NULL, 1, 3, 2, '13/12/2019', 'ACL-CMD-13122019-004', 6),
(103, 9, 40, 4, 1, '12.00', 1, '3000.00', NULL, 'NAWLER...', 'ACL-L-13122019-007', 5, '424.00', '5000.00', 2, NULL, '2019-12-13 22:01:06', NULL, 1, 3, 2, '13/12/2019', 'ACL-CMD-13122019-004', 7),
(104, 10, 11, 3, 1, '12.00', 1, '25000.00', NULL, 'ABYSAN...', 'ACL-L-13122019-008', 5, '424.00', '5000.00', 2, NULL, '2019-12-14 09:58:12', NULL, 1, 3, 1, '13/12/2019', 'ACL-CMD-13122019-005', 8),
(105, 8, 40, 2, 1, '12.00', 1, '3000.00', NULL, 'NAWLER...', 'ACL-L-14122019-001', 5, '424.00', '5000.00', 2, NULL, '2019-12-14 22:43:51', NULL, 1, 3, 2, '14/12/2019', 'ACL-CMD-14122019-001', 1),
(106, 8, 41, 2, 1, '12.00', 1, '35000.00', NULL, 'DAROU ...', 'ACL-L-14122019-002', 5, '424.00', '5000.00', 2, NULL, '2019-12-14 22:46:47', NULL, 1, 3, 1, '14/12/2019', 'ACL-CMD-14122019-002', 2),
(107, 8, 38, 2, 1, '12.00', 1, '50000.00', NULL, 'FARAFE...', 'ACL-L-14122019-003', 5, '424.00', '5000.00', 2, NULL, '2019-12-14 22:48:43', NULL, 1, 3, 1, '14/12/2019', 'ACL-CMD-14122019-003', 3),
(108, 8, 42, 2, 1, '12.00', 1, '30000.00', NULL, 'DAROU ...', 'ACL-L-14122019-004', 5, '424.00', '5000.00', 2, 1, '2019-12-14 22:50:01', '2019-12-31 11:40:23', NULL, NULL, 1, '14/12/2019', 'ACL-CMD-14122019-004', 4),
(109, 10, 17, 3, 1, '12.00', 1, '50000.00', NULL, 'KEUR N...', 'ACL-L-15122019-001', 5, '424.00', '5000.00', 2, NULL, '2019-12-15 23:28:17', NULL, 1, 3, 1, '15/12/2019', 'ACL-CMD-15122019-001', 1),
(110, 9, 17, 4, 1, '12.00', 1, '50000.00', NULL, 'KEUR N...', 'ACL-L-15122019-002', 5, '424.00', '5000.00', 2, NULL, '2019-12-15 23:29:40', NULL, 1, 3, 1, '15/12/2019', 'ACL-CMD-15122019-001', 2),
(111, 10, 13, 3, 1, '12.00', 1, '50000.00', NULL, 'KEUR A...', 'ACL-L-16122019-001', 5, '424.00', '5000.00', 2, NULL, '2019-12-16 22:53:40', NULL, 1, 3, 1, '16/12/2019', 'ACL-CMD-16122019-001', 1),
(112, 10, 13, 3, 1, '12.00', 1, '50000.00', NULL, 'KEUR A...', 'ACL-L-16122019-002', 5, '424.00', '5000.00', 2, NULL, '2019-12-16 22:54:29', NULL, 1, 3, 1, '16/12/2019', 'ACL-CMD-16122019-001', 2),
(113, 9, 43, 4, 1, '12.00', 1, '3000.00', NULL, 'KEUR C...', 'ACL-L-16122019-003', 5, '424.00', '5000.00', 2, NULL, '2019-12-16 22:56:08', NULL, 1, 3, 2, '16/12/2019', 'ACL-CMD-16122019-002', 3),
(114, 9, 43, 4, 1, '12.00', 1, '3000.00', NULL, 'KEUR C...', 'ACL-L-16122019-004', 5, '424.00', '5000.00', 2, NULL, '2019-12-16 22:57:05', NULL, 1, 3, 2, '16/12/2019', 'ACL-CMD-16122019-002', 4),
(115, 10, 11, 3, 1, '12.00', 1, '25000.00', NULL, 'ABYSAN...', 'ACL-L-16122019-005', 5, '424.00', '5000.00', 2, NULL, '2019-12-16 22:58:53', '2019-12-16 23:18:49', 1, 3, 1, '16/12/2019', 'ACL-CMD-16122019-003', 5),
(116, 10, 44, 3, 1, '12.00', 1, '3000.00', NULL, 'KEUR P...', 'ACL-L-16122019-006', 5, '424.00', '5000.00', 2, NULL, '2019-12-16 23:08:09', '2019-12-16 23:09:00', 1, 3, 2, '16/12/2019', 'ACL-CMD-16122019-004', 6),
(117, 9, 12, 4, 1, '12.00', 1, '35000.00', NULL, 'DAROU ...', 'ACL-L-16122019-007', 5, '424.00', '5000.00', 2, NULL, '2019-12-16 23:13:05', NULL, 1, 3, 1, '16/12/2019', 'ACL-CMD-16122019-005', 7),
(118, 10, 45, 3, 1, '12.00', 1, '3000.00', NULL, 'DAROU ...', 'ACL-L-16122019-008', 5, '424.00', '5000.00', 2, NULL, '2019-12-16 23:14:57', NULL, 1, 3, 2, '16/12/2019', 'ACL-CMD-16122019-006', 8),
(119, 10, 46, 3, 1, '12.00', 1, '45000.00', NULL, 'ELH M ...', 'ACL-L-16122019-009', 5, '424.00', '5000.00', 2, NULL, '2019-12-16 23:16:41', NULL, 1, 3, 1, '16/12/2019', 'ACL-CMD-16122019-007', 9),
(120, 9, 46, 4, 1, '12.00', 1, '45000.00', NULL, 'ELH M ...', 'ACL-L-16122019-010', 5, '424.00', '5000.00', 2, NULL, '2019-12-16 23:17:53', NULL, 1, 3, 1, '16/12/2019', 'ACL-CMD-16122019-007', 10),
(121, 9, 13, 4, 1, '12.00', 1, '50000.00', NULL, 'KEUR A...', 'ACL-L-17122019-001', 5, '424.00', '5000.00', 2, NULL, '2019-12-17 20:57:51', NULL, 1, 3, 1, '17/12/2019', 'ACL-CMD-17122019-001', 1),
(122, 8, 13, 2, 1, '12.00', 1, '50000.00', NULL, 'KEUR A...', 'ACL-L-17122019-002', 5, '424.00', '5000.00', 2, NULL, '2019-12-17 20:58:38', NULL, 1, 3, 1, '17/12/2019', 'ACL-CMD-17122019-001', 2),
(123, 10, 47, 3, 1, '12.00', 1, '50000.00', NULL, 'KEUR N...', 'ACL-L-17122019-003', 5, '424.00', '5000.00', 2, NULL, '2019-12-17 21:03:52', NULL, 1, 3, 1, '17/12/2019', 'ACL-CMD-17122019-002', 3),
(124, 9, 10, 4, 1, '12.00', 1, '50000.00', NULL, 'KEUR A...', 'ACL-L-18122019-001', 5, '424.00', '5000.00', 2, NULL, '2019-12-18 20:42:32', '2019-12-18 20:46:41', 1, 3, 1, '18/12/2019', 'ACL-CMD-18122019-001', 1),
(125, 10, 10, 3, 1, '12.00', 1, '50000.00', NULL, 'KEUR A...', 'ACL-L-18122019-002', 5, '424.00', '5000.00', 2, 1, '2019-12-18 20:43:07', '2019-12-18 20:46:25', NULL, NULL, 1, '18/12/2019', 'ACL-CMD-18122019-001', 2),
(126, 8, 39, 2, 1, '12.00', 1, '50000.00', NULL, 'KEUR A...', 'ACL-L-18122019-003', 7, '422.00', '5000.00', 2, NULL, '2019-12-18 20:45:58', NULL, 1, 3, 1, '18/12/2019', 'ACL-CMD-18122019-002', 3),
(127, 8, 39, 2, 1, '12.00', 1, '50000.00', NULL, 'KEUR A...', 'ACL-L-18122019-004', 5, '424.00', '5000.00', 2, NULL, '2019-12-18 20:48:07', NULL, 1, 3, 1, '18/12/2019', 'ACL-CMD-18122019-002', 4),
(128, 10, 48, 3, 1, '12.00', 1, '50000.00', NULL, 'KEUR A...', 'ACL-L-18122019-005', 5, '424.00', '5000.00', 2, NULL, '2019-12-18 20:50:33', NULL, 1, 3, 1, '18/12/2019', 'ACL-CMD-18122019-003', 5),
(129, 8, 9, 2, 1, '12.00', 1, '3000.00', NULL, 'KEUR P...', 'ACL-L-18122019-006', 5, '424.00', '5000.00', 2, NULL, '2019-12-18 20:54:04', NULL, 1, 3, 1, '18/12/2019', 'ACL-CMD-18122019-004', 6),
(130, 8, 49, 2, 1, '12.00', 1, '45000.00', NULL, 'SANTHI...', 'ACL-L-18122019-007', 5, '424.00', '5000.00', 2, NULL, '2019-12-18 20:58:38', NULL, 1, 3, 1, '18/12/2019', 'ACL-CMD-18122019-005', 7),
(131, 10, 50, 3, 1, '12.00', 1, '50000.00', NULL, 'SANTHI...', 'ACL-L-18122019-008', 5, '424.00', '5000.00', 2, NULL, '2019-12-18 20:59:50', NULL, 1, 3, 1, '18/12/2019', 'ACL-CMD-18122019-006', 8),
(132, 9, 50, 4, 1, '12.00', 1, '50000.00', NULL, 'SANTHI...', 'ACL-L-18122019-009', 5, '424.00', '5000.00', 2, NULL, '2019-12-18 21:00:26', NULL, 1, 3, 1, '18/12/2019', 'ACL-CMD-18122019-006', 9),
(133, 9, 39, 3, 1, '12.00', 1, '50000.00', NULL, 'KEUR A...', 'ACL-L-18122019-010', 5, '424.00', '5000.00', 2, NULL, '2019-12-18 21:01:47', NULL, 1, 3, 1, '18/12/2019', 'ACL-CMD-18122019-002', 10),
(134, 9, 30, 4, 1, '12.00', 1, '50000.00', NULL, 'CROISE...', 'ACL-L-18122019-011', 5, '424.00', '5000.00', 2, NULL, '2019-12-18 21:07:47', NULL, 1, 3, 1, '18/12/2019', 'ACL-CMD-18122019-007', 11),
(135, 8, 54, 2, 1, '12.00', 1, '50000.00', NULL, 'FARAFE...', 'ACL-L-19122019-001', 5, '424.00', '5000.00', 2, NULL, '2019-12-19 21:53:41', NULL, 1, 3, 1, '19/12/2019', 'ACL-CMD-19122019-001', 1),
(136, 8, 55, 2, 1, '12.00', 1, '70000.00', NULL, 'NDIBA ...', 'ACL-L-19122019-002', 5, '424.00', '5000.00', 2, NULL, '2019-12-19 21:54:56', NULL, 1, 3, 1, '19/12/2019', 'ACL-CMD-19122019-002', 2),
(137, 10, 48, 3, 1, '12.00', 1, '50000.00', NULL, 'KEUR A...', 'ACL-L-19122019-003', 5, '424.00', '5000.00', 2, NULL, '2019-12-19 21:55:55', NULL, 1, 3, 1, '19/12/2019', 'ACL-CMD-19122019-003', 3),
(138, 8, 51, 2, 1, '12.00', 1, '50000.00', NULL, 'KEUR L...', 'ACL-L-19122019-004', 5, '424.00', '5000.00', 2, NULL, '2019-12-19 21:57:47', '2019-12-19 22:02:32', 1, 3, 1, '19/12/2019', 'ACL-CMD-19122019-004', 4),
(139, 10, 51, 3, 1, '12.00', 1, '50000.00', NULL, 'KEUR N...', 'ACL-L-19122019-005', 5, '424.00', '5000.00', 2, NULL, '2019-12-19 21:58:21', '2019-12-19 22:02:04', 1, 3, 1, '19/12/2019', 'ACL-CMD-19122019-004', 5),
(140, 8, 52, 2, 1, '12.00', 1, '50000.00', NULL, 'KEUR A...', 'ACL-L-19122019-006', 5, '424.00', '5000.00', 2, NULL, '2019-12-19 21:59:40', NULL, 1, 3, 1, '19/12/2019', 'ACL-CMD-19122019-005', 6),
(141, 9, 52, 4, 1, '12.00', 1, '50000.00', NULL, 'KEUR A...', 'ACL-L-19122019-007', 5, '424.00', '5000.00', 2, NULL, '2019-12-19 22:01:18', NULL, 1, 3, 1, '19/12/2019', 'ACL-CMD-19122019-005', 7),
(142, 9, 53, 4, 1, '12.00', 1, '50000.00', NULL, 'FARAFE...', 'ACL-L-19122019-008', 5, '424.00', '5000.00', 2, NULL, '2019-12-19 22:03:51', NULL, 1, 3, 1, '19/12/2019', 'ACL-CMD-19122019-006', 8),
(143, 10, 51, 3, 1, '12.00', 1, '50000.00', NULL, 'KEUR N...', 'ACL-L-19122019-009', 5, '424.00', '5000.00', 2, NULL, '2019-12-19 22:05:20', NULL, 1, 3, 1, '19/12/2019', 'ACL-CMD-19122019-004', 9),
(144, 8, 56, 2, 1, '12.00', 1, '50000.00', NULL, 'FARAFE...', 'ACL-L-20122019-001', 5, '424.00', '5000.00', 2, NULL, '2019-12-20 21:31:51', '2019-12-20 21:35:55', 1, 3, 1, '20/12/2019', 'ACL-CMD-20122019-001', 1),
(145, 10, 56, 3, 1, '12.00', 1, '50000.00', NULL, 'FARAFE...', 'ACL-L-20122019-001', 5, '424.00', '5000.00', 2, NULL, '2019-12-20 21:33:15', NULL, 1, 3, 1, '20/12/2019', 'ACL-CMD-20122019-001', 1),
(146, 9, 56, 4, 1, '12.00', 1, '50000.00', NULL, 'FARAFE...', 'ACL-L-20122019-002', 5, '424.00', '5000.00', 2, NULL, '2019-12-20 21:34:52', NULL, 1, 3, 1, '20/12/2019', 'ACL-CMD-20122019-001', 2),
(147, 8, 56, 2, 1, '12.00', 1, '50000.00', NULL, 'FARAFE...', 'ACL-L-20122019-003', 5, '424.00', '5000.00', 2, NULL, '2019-12-20 21:36:53', NULL, 1, 3, 1, '20/12/2019', 'ACL-CMD-20122019-001', 3),
(148, 10, 56, 3, 1, '12.00', 1, '50000.00', NULL, 'FARAFE...', 'ACL-L-20122019-004', 5, '424.00', '5000.00', 2, NULL, '2019-12-20 21:37:48', NULL, 1, 3, 1, '20/12/2019', 'ACL-CMD-20122019-001', 4),
(149, 9, 56, 4, 1, '12.00', 1, '50000.00', NULL, 'FARAFE...', 'ACL-L-20122019-005', 5, '424.00', '5000.00', 2, NULL, '2019-12-20 21:38:40', NULL, 1, 3, 1, '20/12/2019', 'ACL-CMD-20122019-001', 5),
(150, 9, 57, 4, 1, '12.00', 1, '3000.00', NULL, 'KEUR P...', 'ACL-L-21122019-001', 5, '424.00', '5000.00', 3, 1, '2019-12-22 00:35:32', '2019-12-22 02:26:00', NULL, NULL, 2, '21/12/2019', 'ACL-CMD-21122019-001', 1),
(151, 9, 59, 4, 1, '12.00', 1, '35000.00', NULL, 'DAROU ...', 'ACL-L-21122019-002', 5, '424.00', '5000.00', 3, NULL, '2019-12-22 00:37:08', '2019-12-22 22:07:19', 1, 3, 1, '21/12/2019', 'ACL-CMD-21122019-002', 2),
(152, 8, 58, 2, 1, '12.00', 1, '40000.00', NULL, 'KEUR D...', 'ACL-L-21122019-003', 5, '424.00', '5000.00', 3, NULL, '2019-12-22 00:39:45', '2019-12-22 22:05:19', 1, 3, 1, '21/12/2019', 'ACL-CMD-21122019-003', 3),
(153, 8, 56, 2, 1, '12.00', 1, '50000.00', NULL, 'FARAFE...', 'ACL-L-21122019-004', 5, '424.00', '5000.00', 2, NULL, '2019-12-22 00:40:38', NULL, 1, 3, 1, '21/12/2019', 'ACL-CMD-20122019-001', 4),
(154, 9, 56, 4, 1, '12.00', 1, '50000.00', NULL, 'FARAFE...', 'ACL-L-21122019-005', 5, '424.00', '5000.00', 2, NULL, '2019-12-22 00:41:25', NULL, 1, 3, 1, '21/12/2019', 'ACL-CMD-20122019-001', 5),
(155, 9, 56, 4, 1, '12.00', 1, '50000.00', NULL, 'FARAFE...', 'ACL-L-21122019-006', 5, '424.00', '5000.00', 2, NULL, '2019-12-22 00:42:12', NULL, 1, 3, 1, '21/12/2019', 'ACL-CMD-20122019-001', 6),
(156, 9, 61, 4, 1, '12.00', 1, '3000.00', NULL, 'KEUR P...', 'ACL-L-21122019-007', 5, '424.00', '5000.00', 2, NULL, '2019-12-22 22:05:54', NULL, 1, 3, 2, '21/12/2019', 'ACL-CMD-21122019-004', 7),
(157, 9, 60, 4, 1, '12.00', 1, '50000.00', NULL, 'KEUR A...', 'ACL-L-22122019-001', 5, '424.00', '5000.00', 2, NULL, '2019-12-22 22:07:38', NULL, 1, 3, 1, '22/12/2019', 'ACL-CMD-22122019-001', 1),
(158, 8, 51, 3, 1, '12.00', 1, '50000.00', NULL, 'KEUR A...', 'ACL-L-23122019-001', 5, '424.00', '5000.00', 2, NULL, '2019-12-23 22:14:20', '2019-12-23 22:16:18', 1, 3, 1, '23/12/2019', 'ACL-CMD-23122019-001', 1),
(159, 10, 51, 3, 1, '12.00', 1, '50000.00', NULL, 'KEUR A...', 'ACL-L-23122019-002', 5, '424.00', '5000.00', 2, NULL, '2019-12-23 22:15:53', NULL, 1, 3, 1, '23/12/2019', 'ACL-CMD-23122019-001', 2),
(160, 9, 66, 4, 1, '12.00', 1, '3000.00', NULL, 'DAROU ...', 'ACL-L-23122019-003', 5, '424.00', '5000.00', 2, NULL, '2019-12-23 23:19:55', NULL, 1, 3, 2, '23/12/2019', 'ACL-CMD-23122019-002', 3),
(161, 10, 62, 3, 1, '12.00', 1, '3000.00', NULL, 'DAROU ...', 'ACL-L-23122019-004', 5, '424.00', '5000.00', 2, NULL, '2019-12-23 23:21:53', NULL, 1, 3, 2, '23/12/2019', 'ACL-CMD-23122019-003', 4),
(162, 10, 63, 3, 1, '12.00', 1, '3000.00', NULL, 'KEUR C...', 'ACL-L-23122019-005', 5, '424.00', '5000.00', 2, NULL, '2019-12-23 23:23:50', NULL, 1, 3, 2, '23/12/2019', 'ACL-CMD-23122019-004', 5),
(163, 9, 63, 4, 1, '12.00', 1, '3000.00', NULL, 'KEUR C...', 'ACL-L-23122019-006', 5, '424.00', '5000.00', 2, NULL, '2019-12-23 23:24:40', '2019-12-23 23:24:58', 1, 3, 2, '23/12/2019', 'ACL-CMD-23122019-004', 6),
(164, 8, 64, 2, 1, '12.00', 1, '3000.00', NULL, 'KEUR C...', 'ACL-L-23122019-007', 5, '424.00', '5000.00', 2, NULL, '2019-12-23 23:27:04', NULL, 1, 3, 2, '23/12/2019', 'ACL-CMD-23122019-005', 7),
(165, 8, 64, 2, 1, '12.00', 1, '3000.00', NULL, 'KEUR C...', 'ACL-L-23122019-008', 5, '424.00', '5000.00', 2, NULL, '2019-12-23 23:27:53', NULL, 1, 3, 2, '23/12/2019', 'ACL-CMD-23122019-005', 8),
(166, 8, 64, 2, 1, '12.00', 1, '3000.00', NULL, 'KEUR C...', 'ACL-L-23122019-009', 5, '424.00', '5000.00', 2, NULL, '2019-12-23 23:28:44', NULL, 1, 3, 2, '23/12/2019', 'ACL-CMD-23122019-005', 9),
(167, 8, 64, 2, 1, '12.00', 1, '3000.00', NULL, 'KEUR C...', 'ACL-L-23122019-010', 5, '424.00', '5000.00', 2, NULL, '2019-12-23 23:29:39', NULL, 1, 3, 2, '23/12/2019', 'ACL-CMD-23122019-005', 10),
(168, 8, 64, 2, 1, '12.00', 1, '3000.00', NULL, 'KEUR C...', 'ACL-L-23122019-011', 5, '424.00', '5000.00', 2, NULL, '2019-12-23 23:30:25', NULL, 1, 3, 2, '23/12/2019', 'ACL-CMD-23122019-005', 11),
(169, 10, 67, 3, 1, '12.00', 1, '40000.00', NULL, 'KEUR A...', 'ACL-L-23122019-012', 5, '424.00', '5000.00', 2, NULL, '2019-12-23 23:32:09', '2019-12-23 23:33:37', 1, 3, 1, '23/12/2019', 'ACL-CMD-23122019-006', 12),
(170, 9, 67, 4, 1, '12.00', 1, '40000.00', NULL, 'KEUR A...', 'ACL-L-23122019-013', 5, '424.00', '5000.00', 2, NULL, '2019-12-23 23:33:14', NULL, 1, 3, 1, '23/12/2019', 'ACL-CMD-23122019-006', 13),
(171, 10, 65, 3, 1, '12.00', 1, '3000.00', NULL, 'NAWLER...', 'ACL-L-23122019-014', 5, '424.00', '5000.00', 2, NULL, '2019-12-23 23:35:19', NULL, 1, 3, 2, '23/12/2019', 'ACL-CMD-23122019-007', 14),
(172, 9, 65, 4, 1, '12.00', 1, '3000.00', NULL, 'NAWLER...', 'ACL-L-23122019-015', 5, '424.00', '5000.00', 2, NULL, '2019-12-23 23:36:09', NULL, 1, 3, 2, '23/12/2019', 'ACL-CMD-23122019-007', 15),
(173, 8, 69, 2, 1, '12.00', 1, '50000.00', NULL, 'KEUR N...', 'ACL-L-24122019-001', 5, '424.00', '5000.00', 2, NULL, '2019-12-24 22:27:46', NULL, 1, 3, 1, '24/12/2019', 'ACL-CMD-24122019-001', 1),
(174, 8, 10, 2, 1, '12.00', 1, '50000.00', NULL, 'KEUR A...', 'ACL-L-24122019-002', 5, '424.00', '5000.00', 2, NULL, '2019-12-24 22:30:40', NULL, 1, 3, 1, '24/12/2019', 'ACL-CMD-24122019-002', 2),
(175, 10, 70, 3, 1, '12.00', 1, '50000.00', NULL, 'DIERY ...', 'ACL-L-24122019-003', 5, '424.00', '5000.00', 2, NULL, '2019-12-24 22:40:50', NULL, 1, 3, 1, '24/12/2019', 'ACL-CMD-24122019-003', 3),
(176, 9, 70, 4, 1, '12.00', 1, '50000.00', NULL, 'DIERY ...', 'ACL-L-24122019-004', 5, '424.00', '5000.00', 2, NULL, '2019-12-24 22:41:47', NULL, 1, 3, 1, '24/12/2019', 'ACL-CMD-24122019-003', 4),
(177, 9, 71, 4, 1, '12.00', 1, '50000.00', NULL, 'SABAKH...', 'ACL-L-24122019-005', 5, '424.00', '5000.00', 2, NULL, '2019-12-24 22:43:46', NULL, 1, 3, 1, '24/12/2019', 'ACL-CMD-24122019-004', 5),
(178, 8, 30, 2, 1, '12.00', 1, '50000.00', NULL, 'CROISE...', 'ACL-L-24122019-006', 5, '424.00', '5000.00', 2, NULL, '2019-12-24 22:45:38', NULL, 1, 3, 1, '24/12/2019', 'ACL-CMD-24122019-005', 6),
(179, 10, 72, 3, 1, '12.00', 1, '50000.00', NULL, 'KEUR A...', 'ACL-L-24122019-007', 5, '424.00', '5000.00', 2, NULL, '2019-12-24 22:49:33', NULL, 1, 3, 1, '24/12/2019', 'ACL-CMD-24122019-006', 7),
(180, 9, 74, 4, 1, '12.00', 1, '50000.00', NULL, 'KEUR C...', 'ACL-L-24122019-008', 5, '424.00', '5000.00', 3, NULL, '2019-12-24 22:51:19', '2019-12-25 00:10:43', 1, 3, 1, '24/12/2019', 'ACL-CMD-24122019-007', 8),
(181, 9, 63, 4, 1, '12.00', 1, '50000.00', NULL, 'KEUR C...', 'ACL-L-24122019-009', 5, '424.00', '5000.00', 2, 1, '2019-12-24 22:51:19', '2019-12-24 23:02:09', NULL, NULL, 1, '24/12/2019', 'ACL-CMD-24122019-007', 9),
(182, 10, 72, 3, 1, '12.00', 1, '50000.00', NULL, 'KEUR A...', 'ACL-L-24122019-010', 5, '424.00', '5000.00', 2, NULL, '2019-12-24 22:53:10', NULL, 1, 3, 1, '24/12/2019', 'ACL-CMD-24122019-006', 10),
(183, 10, 73, 3, 1, '12.00', 1, '45000.00', NULL, 'SANTHI...', 'ACL-L-24122019-011', 5, '424.00', '5000.00', 2, NULL, '2019-12-24 22:58:42', NULL, 1, 3, 1, '24/12/2019', 'ACL-CMD-24122019-008', 11),
(184, 9, 73, 4, 1, '12.00', 1, '45000.00', NULL, 'SANTHI...', 'ACL-L-24122019-012', 5, '424.00', '5000.00', 2, NULL, '2019-12-24 23:00:02', NULL, 1, 3, 1, '24/12/2019', 'ACL-CMD-24122019-008', 12),
(185, 10, 72, 3, 1, '12.00', 1, '50000.00', NULL, 'KEUR A...', 'ACL-L-25122019-001', 5, '424.00', '5000.00', 2, NULL, '2019-12-26 07:20:13', NULL, 1, 3, 1, '25/12/2019', 'ACL-CMD-25122019-001', 1),
(186, 8, 75, 2, 1, '12.00', 1, '60000.00', NULL, 'KEUR A...', 'ACL-L-25122019-002', 5, '424.00', '5000.00', 2, NULL, '2019-12-26 07:21:18', '2019-12-26 07:24:16', 1, 3, 1, '25/12/2019', 'ACL-CMD-25122019-002', 2),
(187, 9, 57, 4, 1, '12.00', 1, '70000.00', NULL, 'NDIBA ...', 'ACL-L-25122019-003', 5, '424.00', '5000.00', 2, NULL, '2019-12-26 07:22:33', NULL, 1, 3, 1, '25/12/2019', 'ACL-CMD-25122019-003', 3),
(188, 9, 59, 4, 1, '12.00', 1, '3000.00', NULL, 'DAROU ...', 'ACL-L-25122019-004', 5, '424.00', '5000.00', 2, NULL, '2019-12-26 07:23:42', NULL, 1, 3, 2, '25/12/2019', 'ACL-CMD-25122019-004', 4),
(189, 10, 39, 3, 1, '12.00', 1, '50000.00', NULL, 'KEUR A...', 'ACL-L-26122019-001', 5, '424.00', '5000.00', 2, NULL, '2019-12-27 06:07:34', NULL, 1, 3, 1, '26/12/2019', 'ACL-CMD-26122019-001', 1),
(190, 9, 39, 4, 1, '12.00', 1, '50000.00', NULL, 'KEUR A...', 'ACL-L-26122019-002', 5, '424.00', '5000.00', 2, NULL, '2019-12-27 06:08:06', NULL, NULL, NULL, 1, '26/12/2019', 'ACL-CMD-26122019-001', 2),
(191, 10, 39, 3, 1, '12.00', 1, '50000.00', NULL, 'KEUR A...', 'ACL-L-26122019-003', 5, '424.00', '5000.00', 2, NULL, '2019-12-27 06:08:43', NULL, 1, 3, 1, '26/12/2019', 'ACL-CMD-26122019-001', 3),
(192, 9, 39, 4, 1, '12.00', 1, '50000.00', NULL, 'KEUR A...', 'ACL-L-26122019-004', 5, '424.00', '5000.00', 2, NULL, '2019-12-27 06:09:19', NULL, 1, 3, 1, '26/12/2019', 'ACL-CMD-26122019-001', 4),
(193, 10, 72, 3, 1, '12.00', 1, '50000.00', NULL, 'KEUR A...', 'ACL-L-26122019-005', 5, '424.00', '5000.00', 2, NULL, '2019-12-27 06:10:43', NULL, 1, 3, 1, '26/12/2019', 'ACL-CMD-26122019-002', 5),
(194, 8, 72, 2, 1, '12.00', 1, '50000.00', NULL, 'KEUR A...', 'ACL-L-26122019-006', 5, '424.00', '5000.00', 2, NULL, '2019-12-27 06:11:14', NULL, 1, 3, 1, '26/12/2019', 'ACL-CMD-26122019-002', 6),
(195, 8, 76, 2, 1, '12.00', 1, '50000.00', NULL, 'KEUR A...', 'ACL-L-26122019-007', 5, '424.00', '5000.00', 2, NULL, '2019-12-27 06:12:14', NULL, 1, 3, 1, '26/12/2019', 'ACL-CMD-26122019-003', 7),
(196, 10, 76, 3, 1, '12.00', 1, '50000.00', NULL, 'KEUR A...', 'ACL-L-27122019-001', 5, '424.00', '5000.00', 2, NULL, '2019-12-28 02:14:04', NULL, 1, 3, 1, '27/12/2019', 'ACL-CMD-27122019-001', 1),
(197, 8, 76, 2, 1, '12.00', 1, '50000.00', NULL, 'KEUR A...', 'ACL-L-27122019-002', 5, '424.00', '5000.00', 2, NULL, '2019-12-28 02:14:53', NULL, 1, 3, 1, '27/12/2019', 'ACL-CMD-27122019-001', 2),
(198, 9, 76, 4, 1, '12.00', 1, '50000.00', NULL, 'KEUR A...', 'ACL-L-27122019-003', 5, '424.00', '5000.00', 2, NULL, '2019-12-28 02:15:42', NULL, 1, 3, 1, '27/12/2019', 'ACL-CMD-27122019-001', 3),
(199, 9, 69, 4, 1, '12.00', 1, '50000.00', NULL, 'KEUR N...', 'ACL-L-27122019-004', 5, '424.00', '5000.00', 2, NULL, '2019-12-28 02:20:15', NULL, 1, 3, 1, '27/12/2019', 'ACL-CMD-27122019-002', 4),
(200, 10, 68, 3, 1, '12.00', 1, '50000.00', NULL, 'MEDINA...', 'ACL-L-27122019-005', 5, '424.00', '5000.00', 2, NULL, '2019-12-28 02:21:51', NULL, 1, 3, 1, '27/12/2019', 'ACL-CMD-27122019-003', 5),
(201, 9, 51, 4, 1, '12.00', 1, '50000.00', NULL, 'KEUR A...', 'ACL-L-27122019-006', 5, '424.00', '5000.00', 2, NULL, '2019-12-28 02:23:38', NULL, 1, 3, 1, '27/12/2019', 'ACL-CMD-27122019-004', 6),
(202, 10, 51, 3, 1, '12.00', 1, '50000.00', NULL, 'KEUR A...', 'ACL-L-27122019-007', 5, '424.00', '5000.00', 2, NULL, '2019-12-28 02:24:31', NULL, 1, 3, 1, '27/12/2019', 'ACL-CMD-27122019-004', 7),
(203, 8, 60, 2, 1, '12.00', 1, '50000.00', NULL, 'KEUR A...', 'ACL-L-27122019-008', 5, '424.00', '5000.00', 2, NULL, '2019-12-28 02:26:07', NULL, 1, 3, 1, '27/12/2019', 'ACL-CMD-27122019-005', 8),
(204, 8, 60, 2, 1, '12.00', 1, '50000.00', NULL, 'KEUR A...', 'ACL-L-27122019-009', 5, '424.00', '5000.00', 2, NULL, '2019-12-28 02:26:49', NULL, 1, 3, 1, '27/12/2019', 'ACL-CMD-27122019-005', 9),
(205, 9, 77, 4, 1, '12.00', 1, '50000.00', NULL, 'YALALE...', 'ACL-L-27122019-010', 5, '424.00', '5000.00', 2, NULL, '2019-12-28 02:28:14', NULL, 1, 3, 1, '27/12/2019', 'ACL-CMD-27122019-006', 10),
(206, 10, 10, 3, 1, '12.00', 1, '50000.00', NULL, 'KEUR A...', 'ACL-L-28122019-001', 5, '424.00', '5000.00', 2, NULL, '2019-12-29 15:55:45', NULL, 1, 3, 1, '28/12/2019', 'ACL-CMD-28122019-001', 1),
(207, 9, 37, 4, 1, '12.00', 1, '50000.00', NULL, 'SANTHI...', 'ACL-L-28122019-002', 5, '424.00', '5000.00', 2, NULL, '2019-12-29 15:58:18', NULL, 1, 3, 1, '28/12/2019', 'ACL-CMD-28122019-002', 2),
(208, 10, 56, 3, 1, '12.00', 1, '50000.00', NULL, 'FARAFE...', 'ACL-L-28122019-003', 5, '424.00', '5000.00', 2, NULL, '2019-12-29 16:00:20', NULL, 1, 3, 1, '28/12/2019', 'ACL-CMD-20122019-001', 3),
(209, 8, 56, 2, 1, '12.00', 1, '50000.00', NULL, 'FARAFE...', 'ACL-L-28122019-004', 5, '424.00', '5000.00', 2, NULL, '2019-12-29 16:01:41', NULL, 1, 3, 1, '28/12/2019', 'ACL-CMD-20122019-001', 4),
(210, 9, 56, 4, 1, '12.00', 1, '50000.00', NULL, 'FARAFE...', 'ACL-L-28122019-005', 5, '424.00', '5000.00', 2, NULL, '2019-12-29 16:03:00', NULL, 1, 3, 1, '28/12/2019', 'ACL-CMD-20122019-001', 5),
(211, 8, 80, 2, 1, '12.00', 1, '3000.00', NULL, 'KEUR  ...', 'ACL-L-30122019-001', 5, '424.00', '5000.00', 2, NULL, '2019-12-31 11:17:43', NULL, 1, 3, 2, '30/12/2019', 'ACL-CMD-30122019-001', 1),
(212, 10, 80, 3, 1, '12.00', 1, '3000.00', NULL, 'KEUR C...', 'ACL-L-30122019-002', 5, '424.00', '5000.00', 2, NULL, '2019-12-31 11:19:43', NULL, 1, 3, 2, '30/12/2019', 'ACL-CMD-30122019-001', 2),
(213, 10, 80, 3, 1, '12.00', 1, '3000.00', NULL, 'KEUR C...', 'ACL-L-30122019-003', 5, '424.00', '5000.00', 2, NULL, '2019-12-31 11:20:51', NULL, 1, 3, 2, '30/12/2019', 'ACL-CMD-30122019-001', 3),
(214, 9, 80, 4, 1, '12.00', 1, '3000.00', NULL, 'KEUR C...', 'ACL-L-30122019-004', 5, '424.00', '5000.00', 2, NULL, '2019-12-31 11:21:23', NULL, 1, 3, 2, '30/12/2019', 'ACL-CMD-30122019-001', 4),
(215, 9, 80, 4, 1, '12.00', 1, '3000.00', NULL, 'KEUR C...', 'ACL-L-30122019-005', 5, '424.00', '5000.00', 2, NULL, '2019-12-31 11:22:03', NULL, 1, 3, 2, '30/12/2019', 'ACL-CMD-30122019-001', 5),
(216, 8, 81, 2, 1, '12.00', 1, '3000.00', NULL, 'KEUR D...', 'ACL-L-30122019-006', 5, '424.00', '5000.00', 2, NULL, '2019-12-31 11:24:41', NULL, 1, 3, 2, '30/12/2019', 'ACL-CMD-30122019-002', 6),
(217, 8, 81, 2, 1, '12.00', 1, '3000.00', NULL, 'KEUR D...', 'ACL-L-30122019-007', 5, '424.00', '5000.00', 2, NULL, '2019-12-31 11:25:20', NULL, 1, 3, 2, '30/12/2019', 'ACL-CMD-30122019-002', 7),
(218, 9, 38, 4, 1, '12.00', 1, '3000.00', NULL, 'DAROU ...', 'ACL-L-30122019-008', 5, '424.00', '5000.00', 2, 1, '2019-12-31 11:27:15', '2019-12-31 11:40:50', NULL, NULL, 2, '30/12/2019', 'ACL-CMD-30122019-003', 8),
(219, 10, 38, 3, 1, '12.00', 1, '3000.00', NULL, 'DAROU ...', 'ACL-L-30122019-009', 5, '424.00', '5000.00', 2, 1, '2019-12-31 11:27:56', '2019-12-31 11:41:16', NULL, NULL, 2, '30/12/2019', 'ACL-CMD-30122019-003', 9),
(220, 8, 83, 2, 1, '12.00', 1, '40000.00', NULL, 'NDOURE...', 'ACL-L-30122019-010', 5, '424.00', '5000.00', 2, NULL, '2019-12-31 11:31:38', NULL, 1, 3, 1, '30/12/2019', 'ACL-CMD-30122019-004', 10),
(221, 10, 83, 3, 1, '12.00', 1, '40000.00', NULL, 'NDOURE...', 'ACL-L-30122019-011', 5, '424.00', '5000.00', 2, NULL, '2019-12-31 11:32:21', NULL, 1, 3, 1, '30/12/2019', 'ACL-CMD-30122019-004', 11),
(222, 9, 83, 4, 1, '12.00', 1, '40000.00', NULL, 'NDOURE...', 'ACL-L-30122019-012', 5, '424.00', '5000.00', 2, NULL, '2019-12-31 11:32:49', NULL, 1, 3, 1, '30/12/2019', 'ACL-CMD-30122019-004', 12),
(223, 8, 10, 2, 1, '12.00', 1, '50000.00', NULL, 'KEUR A...', 'ACL-L-30122019-013', 5, '424.00', '5000.00', 2, NULL, '2019-12-31 11:34:52', NULL, 1, 3, 1, '30/12/2019', 'ACL-CMD-30122019-005', 13),
(224, 10, 10, 3, 1, '12.00', 1, '50000.00', NULL, 'KEUR A...', 'ACL-L-30122019-014', 5, '424.00', '5000.00', 2, NULL, '2019-12-31 11:35:43', NULL, 1, 3, 1, '30/12/2019', 'ACL-CMD-30122019-005', 14),
(225, 9, 69, 4, 1, '12.00', 1, '50000.00', NULL, 'KEUR N...', 'ACL-L-30122019-015', 5, '424.00', '5000.00', 2, NULL, '2019-12-31 11:38:15', NULL, 1, 3, 1, '30/12/2019', 'ACL-CMD-30122019-006', 15),
(226, 9, 82, 4, 1, '12.00', 1, '3000.00', NULL, 'DAROU ...', 'ACL-L-30122019-016', 5, '424.00', '5000.00', 2, NULL, '2019-12-31 11:46:26', NULL, 1, 3, 2, '30/12/2019', 'ACL-CMD-30122019-003', 16),
(227, 10, 82, 3, 1, '12.00', 1, '3000.00', NULL, 'DAROU ...', 'ACL-L-30122019-017', 5, '424.00', '5000.00', 2, NULL, '2019-12-31 11:47:22', NULL, 1, 3, 2, '30/12/2019', 'ACL-CMD-30122019-003', 17),
(228, 8, 42, 2, 1, '12.00', 1, '30000.00', NULL, 'DAROU ...', 'ACL-L-14122019-004', 5, '424.00', '5000.00', 2, NULL, '2019-12-31 11:49:07', NULL, 1, 3, 1, '14/12/2019', 'ACL-CMD-14122019-004', 4),
(229, 8, 30, 2, 4, '12.00', 1, '60000.00', NULL, 'CROISE...', 'ACL-L-31122019-001', 5, '424.00', '5000.00', 2, NULL, '2020-01-01 20:45:27', NULL, 1, 3, 1, '31/12/2019', 'ACL-CMD-31122019-001', 1),
(230, 10, 30, 3, 4, '12.00', 1, '60000.00', NULL, 'CROISE...', 'ACL-L-31122019-002', 5, '424.00', '5000.00', 2, NULL, '2020-01-01 20:47:04', NULL, 1, 3, 1, '31/12/2019', 'ACL-CMD-31122019-001', 2),
(231, 9, 30, 4, 4, '12.00', 1, '60000.00', NULL, 'CROISE...', 'ACL-L-31122019-003', 5, '424.00', '5000.00', 2, NULL, '2020-01-01 20:47:58', NULL, 1, 3, 1, '31/12/2019', 'ACL-CMD-31122019-001', 3),
(232, 8, 30, 2, 4, '12.00', 1, '60000.00', NULL, 'CROISE...', 'ACL-L-31122019-004', 5, '424.00', '5000.00', 2, NULL, '2020-01-01 20:48:47', NULL, 1, 3, 1, '31/12/2019', 'ACL-CMD-31122019-001', 4),
(233, 10, 30, 3, 4, '12.00', 1, '60000.00', NULL, 'CROISE...', 'ACL-L-31122019-005', 5, '424.00', '5000.00', 2, NULL, '2020-01-01 20:50:24', NULL, 1, 3, 1, '31/12/2019', 'ACL-CMD-31122019-001', 5),
(234, 9, 30, 4, 4, '12.00', 1, '60000.00', NULL, 'CROISE...', 'ACL-L-31122019-006', 5, '424.00', '5000.00', 2, NULL, '2020-01-01 20:51:11', NULL, 1, 3, 1, '31/12/2019', 'ACL-CMD-31122019-001', 6),
(235, 8, 30, 2, 4, '12.00', 1, '60000.00', NULL, 'CROISE...', 'ACL-L-31122019-007', 5, '424.00', '5000.00', 2, NULL, '2020-01-01 20:51:54', NULL, 1, 3, 1, '31/12/2019', 'ACL-CMD-31122019-001', 7),
(236, 8, 64, 2, 1, '12.00', 1, '3000.00', NULL, 'KEUR D...', 'ACL-L-02012020-001', 5, '424.00', '5000.00', 2, NULL, '2020-01-06 14:27:53', '2020-01-06 16:27:58', 1, 3, 2, '03/01/2020', 'ACL-CMD-02012020-001', 1),
(237, 10, 64, 3, 1, '12.00', 1, '3000.00', NULL, 'KEUR C...', 'ACL-L-02012020-002', 5, '424.00', '5000.00', 2, NULL, '2020-01-06 14:29:05', '2020-01-06 16:28:42', 1, 3, 2, '03/01/2020', 'ACL-CMD-02012020-001', 2),
(238, 10, 61, 3, 1, '12.00', 1, '3000.00', NULL, 'KEUR P...', 'ACL-L-02012020-003', 5, '424.00', '5000.00', 2, NULL, '2020-01-06 14:31:27', NULL, 1, 3, 2, '02/01/2020', 'ACL-CMD-02012020-002', 3),
(239, 8, 59, 2, 1, '12.00', 1, '3000.00', NULL, 'DAROU ...', 'ACL-L-02012020-004', 5, '424.00', '5000.00', 2, 1, '2020-01-06 14:32:31', '2020-01-06 14:47:58', NULL, NULL, 2, '02/01/2020', 'ACL-CMD-01012020-001', 4),
(240, 10, 59, 3, 1, '12.00', 1, '3000.00', NULL, 'DAROU ...', 'ACL-L-02012020-005', 5, '424.00', '5000.00', 2, 1, '2020-01-06 14:38:13', '2020-01-06 14:48:23', NULL, NULL, 2, '02/01/2020', 'ACL-CMD-02012020-003', 5),
(241, 10, 12, 4, 1, '12.00', 1, '3000.00', NULL, 'KEUR A...', 'ACL-L-16122019-011', 5, '424.00', '5000.00', 2, NULL, '2020-01-06 15:06:03', NULL, NULL, NULL, 2, '16/12/2019', 'ACL-CMD-16122019-005', 11),
(242, 9, 46, 4, 1, '12.00', 1, '50000.00', NULL, 'KEUR M...', 'ACL-L-02012020-004', 5, '424.00', '5000.00', 2, NULL, '2020-01-06 15:08:53', '2020-01-06 16:29:46', 1, 3, 1, '03/01/2020', 'ACL-CMD-02012020-004', 4),
(243, 10, 61, 3, 1, '12.00', 1, '3000.00', NULL, 'KEUR P...', 'ACL-L-02012020-005', 5, '424.00', '5000.00', 2, NULL, '2020-01-06 15:14:48', NULL, 1, 3, 2, '02/01/2020', 'ACL-CMD-02012020-002', 5),
(244, 8, 61, 2, 1, '12.00', 1, '3000.00', NULL, 'KEUR P...', 'ACL-L-02012020-006', 5, '424.00', '5000.00', 2, NULL, '2020-01-06 15:21:48', NULL, 1, 3, 2, '02/01/2020', 'ACL-CMD-02012020-002', 6),
(245, 8, 87, 2, 1, '12.00', 1, '3000.00', NULL, 'DAROU ...', 'ACL-L-02012020-007', 5, '424.00', '5000.00', 2, NULL, '2020-01-06 15:40:47', NULL, 1, 3, 2, '02/01/2020', 'ACL-CMD-02012020-005', 7),
(246, 8, 88, 2, 1, '12.00', 1, '3000.00', NULL, 'NDONEN...', 'ACL-L-02012020-008', 5, '424.00', '5000.00', 2, NULL, '2020-01-06 15:48:23', NULL, 1, 3, 2, '02/01/2020', 'ACL-CMD-02012020-006', 8),
(247, 10, 89, 2, 1, '12.00', 1, '3000.00', NULL, 'NAWLER...', 'ACL-L-02012020-009', 5, '424.00', '5000.00', 2, NULL, '2020-01-06 15:51:44', NULL, 1, 3, 2, '02/01/2020', 'ACL-CMD-02012020-007', 9),
(248, 8, 89, 2, 1, '12.00', 1, '3000.00', NULL, 'NAWLER...', 'ACL-L-02012020-010', 5, '424.00', '5000.00', 2, NULL, '2020-01-06 15:54:29', NULL, 1, 3, 2, '02/01/2020', 'ACL-CMD-02012020-007', 10),
(249, 10, 61, 3, 1, '12.00', 1, '3000.00', NULL, 'KEUR P...', 'ACL-L-02012020-011', 5, '424.00', '5000.00', 2, NULL, '2020-01-06 15:58:09', '2020-01-06 16:30:32', 1, 3, 2, '03/01/2020', 'ACL-CMD-02012020-008', 11),
(250, 9, 90, 4, 1, '12.00', 1, '3000.00', NULL, 'NDONEN...', 'ACL-L-02012020-012', 5, '424.00', '5000.00', 2, NULL, '2020-01-06 16:06:46', '2020-01-06 23:24:30', 1, 3, 2, '03/01/2020', 'ACL-CMD-02012020-010', 12),
(251, 8, 90, 2, 1, '12.00', 1, '40000.00', NULL, 'NDONEN...', 'ACL-L-03032019-001', 5, '424.00', '5000.00', 2, NULL, '2020-01-06 16:09:02', '2020-01-07 11:46:16', 1, 3, 1, '03/01/2020', 'ACL-CMD-02012020-009', 1),
(252, 8, 90, 2, 1, '12.00', 1, '40000.00', NULL, 'NDONEN...', 'ACL-L-03012020-001', 5, '424.00', '5000.00', 2, NULL, '2020-01-06 16:11:25', NULL, 1, 3, 1, '03/01/2020', 'ACL-CMD-02012020-009', 1);
INSERT INTO `acl_livraison` (`idacl_livraison`, `idacl_personnel`, `idacl_client`, `idacl_vehicule`, `idacl_typec`, `volume`, `nbr_camions`, `prix_m3`, `quantite`, `destination`, `num_livraison`, `id_conversion`, `taux_1`, `taux_2`, `id_user`, `est_supprime`, `date_creation`, `date_last_modif`, `validation`, `id_user_validation`, `idacl_monnaie`, `date_livrai`, `accuse_commande`, `num_liv_jour`) VALUES
(253, 8, 59, 2, 1, '12.00', 1, '3000.00', NULL, 'DAROU ...', 'ACL-L-03012020-002', 5, '424.00', '5000.00', 2, NULL, '2020-01-06 16:14:21', NULL, 1, 3, 2, '03/01/2020', 'ACL-CMD-03012020-011', 2),
(254, 10, 59, 3, 1, '12.00', 1, '3000.00', NULL, 'DAROU ...', 'ACL-L-03012020-003', 5, '424.00', '5000.00', 2, NULL, '2020-01-06 16:17:16', NULL, 1, 3, 2, '03/01/2020', 'ACL-CMD-03012020-011', 3),
(255, 8, 91, 2, 1, '12.00', 1, '50000.00', NULL, 'DIERY ...', 'ACL-L-03012020-004', 5, '424.00', '5000.00', 3, NULL, '2020-01-06 16:20:23', '2020-01-08 23:51:31', 1, 3, 1, '03/01/2020', 'ACL-CMD-03012020-012', 4),
(256, 10, 70, 3, 1, '12.00', 1, '50000.00', NULL, 'DIERY ...', 'ACL-L-03012020-005', 5, '424.00', '5000.00', 2, NULL, '2020-01-06 16:22:20', NULL, 1, 3, 1, '03/01/2020', 'ACL-CMD-01012020-004', 5),
(257, 9, 84, 4, 1, '12.00', 1, '50000.00', NULL, 'KEUR A...', 'ACL-L-04022020-001', 5, '424.00', '5000.00', 2, NULL, '2020-01-07 11:34:35', '2020-01-07 11:47:31', 1, 3, 1, '04/01/2020', 'ACL-CMD-01012020-003', 1),
(258, 8, 94, 2, 1, '12.00', 1, '3000.00', NULL, 'KEUR P...', 'ACL-L-04012020-002', 5, '424.00', '5000.00', 2, NULL, '2020-01-07 11:49:07', NULL, 1, 3, 2, '04/01/2020', 'ACL-CMD-04012019-001', 2),
(259, 10, 88, 3, 1, '12.00', 1, '3000.00', NULL, 'NDONEN...', 'ACL-L-04012020-003', 5, '424.00', '5000.00', 2, NULL, '2020-01-07 11:52:56', NULL, 1, 3, 2, '04/01/2020', 'ACL-CMD-04012020-002', 3),
(260, 8, 95, 2, 1, '12.00', 1, '3000.00', NULL, 'DAROU ...', 'ACL-L-04012020-004', 5, '424.00', '5000.00', 2, NULL, '2020-01-07 12:23:58', NULL, 1, 3, 2, '04/01/2020', 'ACL-CMD-04012020-003', 4),
(261, 10, 96, 3, 1, '12.00', 1, '3000.00', NULL, 'KEUR N...', 'ACL-L-04012020-005', 5, '424.00', '5000.00', 2, NULL, '2020-01-07 12:38:41', NULL, 1, 3, 2, '04/01/2020', 'ACL-CMD-04012020-004', 5),
(262, 8, 46, 2, 1, '12.00', 1, '45000.00', NULL, 'KEUR M...', 'ACL-L-04012020-006', 5, '424.00', '5000.00', 2, NULL, '2020-01-07 12:42:51', NULL, 1, 3, 1, '04/01/2020', 'ACL-CMD-04012020-005', 6),
(263, 10, 46, 3, 1, '12.00', 1, '45000.00', NULL, 'KEUR N...', 'ACL-L-04012020-007', 5, '424.00', '5000.00', 2, NULL, '2020-01-07 12:43:34', NULL, 1, 3, 1, '04/01/2020', 'ACL-CMD-04012020-005', 7),
(264, 10, 97, 3, 1, '12.00', 1, '55000.00', NULL, 'YABALE...', 'ACL-L-04012020-008', 5, '424.00', '5000.00', 2, NULL, '2020-01-07 12:47:16', NULL, 1, 3, 1, '04/01/2020', 'ACL-CMD-04012020-006', 8),
(265, 8, 97, 2, 1, '12.00', 1, '55000.00', NULL, 'YABALE...', 'ACL-L-04012020-009', 5, '424.00', '5000.00', 2, NULL, '2020-01-07 12:47:55', NULL, 1, 3, 1, '04/01/2020', 'ACL-CMD-04012020-006', 9),
(266, 8, 92, 2, 1, '12.00', 1, '55000.00', NULL, 'KEUR A...', 'ACL-L-04012020-010', 5, '424.00', '5000.00', 2, NULL, '2020-01-07 12:50:06', NULL, 1, 3, 1, '04/01/2020', 'ACL-CMD-04012020-008', 10),
(267, 10, 86, 2, 1, '12.00', 1, '50000.00', NULL, 'KEUR A...', 'ACL-L-04012020-011', 5, '424.00', '5000.00', 2, NULL, '2020-01-07 12:52:51', NULL, 1, 3, 1, '04/01/2020', 'ACL-CMD-01012020-002', 11),
(268, 10, 78, 3, 1, '12.00', 1, '50000.00', NULL, 'KEUR A...', 'ACL-L-04012020-012', 5, '424.00', '5000.00', 2, NULL, '2020-01-07 12:56:33', '2020-01-07 13:01:19', 1, 3, 1, '06/01/2020', 'ACL-CMD-01012020-005', 12),
(269, 8, 79, 2, 1, '12.00', 1, '50000.00', NULL, 'KEUR A...', 'ACL-L-06012020-001', 5, '424.00', '5000.00', 2, NULL, '2020-01-07 13:00:19', NULL, 1, 3, 1, '06/01/2020', 'ACL-CMD-01012020-006', 1),
(270, 10, 46, 2, 1, '12.00', 1, '45000.00', NULL, 'SANTHI...', 'ACL-L-06012020-013', 5, '424.00', '5000.00', 2, NULL, '2020-01-07 13:04:46', NULL, 1, 3, 1, '06/01/2020', 'ACL-CMD-04012020-009', 13),
(271, 10, 46, 3, 1, '12.00', 1, '45000.00', NULL, 'SANTHI...', 'ACL-L-06012020-014', 5, '424.00', '5000.00', 2, NULL, '2020-01-07 13:05:42', NULL, 1, 3, 1, '06/01/2020', 'ACL-CMD-04012020-009', 14),
(272, 8, 46, 2, 1, '12.00', 1, '45000.00', NULL, 'SANTHI...', 'ACL-L-06012020-015', 5, '424.00', '5000.00', 2, NULL, '2020-01-07 13:07:00', NULL, 1, 3, 1, '06/01/2020', 'ACL-CMD-04012020-009', 15),
(273, 9, 46, 3, 1, '12.00', 1, '45000.00', NULL, 'SANTHI...', 'ACL-L-06012020-016', 5, '424.00', '5000.00', 2, NULL, '2020-01-07 13:09:29', NULL, 1, 3, 1, '06/01/2020', 'ACL-CMD-04012020-009', 16),
(274, 8, 93, 2, 1, '12.00', 1, '2500.00', NULL, 'BANY...', 'ACL-L-06012020-017', 5, '424.00', '5000.00', 2, NULL, '2020-01-07 13:12:46', NULL, 1, 3, 2, '06/01/2020', 'ACL-CMD-06012020-010', 17),
(275, 8, 93, 2, 1, '12.00', 1, '2500.00', NULL, 'BANY...', 'ACL-L-06012020-018', 5, '424.00', '5000.00', 2, NULL, '2020-01-07 13:14:15', NULL, 1, 3, 2, '06/01/2020', 'ACL-CMD-06012020-010', 18),
(276, 8, 93, 2, 1, '12.00', 1, '2500.00', NULL, 'SANTHI...', 'ACL-L-06012020-019', 5, '424.00', '5000.00', 2, NULL, '2020-01-07 13:15:51', NULL, 1, 3, 2, '06/01/2020', 'ACL-CMD-06012020-010', 19),
(277, 10, 93, 3, 1, '12.00', 1, '2500.00', NULL, 'BANY...', 'ACL-L-06012020-020', 5, '424.00', '5000.00', 2, NULL, '2020-01-07 13:17:20', NULL, 1, 3, 2, '06/01/2020', 'ACL-CMD-06012020-010', 20),
(278, 10, 93, 3, 1, '12.00', 1, '2500.00', NULL, 'BANY...', 'ACL-L-06012020-021', 5, '424.00', '5000.00', 2, NULL, '2020-01-07 13:18:33', NULL, 1, 3, 2, '06/01/2020', 'ACL-CMD-06012020-010', 21),
(279, 10, 93, 3, 1, '12.00', 1, '2500.00', NULL, 'BANY...', 'ACL-L-06012020-022', 5, '424.00', '5000.00', 2, NULL, '2020-01-07 13:19:18', NULL, 1, 3, 2, '06/01/2020', 'ACL-CMD-06012020-010', 22),
(280, 10, 11, 3, 1, '12.00', 1, '2500.00', NULL, 'ABY SA...', 'ACL-L-06012020-023', 5, '424.00', '5000.00', 2, NULL, '2020-01-07 13:21:41', NULL, 1, 3, 1, '06/01/2020', 'ACL-CMD-06012020-011', 23),
(281, 10, 77, 3, 1, '12.00', 1, '55000.00', NULL, 'YALALE...', 'ACL-L-07012020-001', 5, '424.00', '5000.00', 2, NULL, '2020-01-07 22:39:38', NULL, 1, 3, 1, '07/01/2020', 'ACL-CMD-07012020-004', 1),
(282, 8, 77, 2, 1, '12.00', 1, '55000.00', NULL, 'YALALE...', 'ACL-L-07012020-002', 5, '424.00', '5000.00', 2, NULL, '2020-01-07 22:40:32', NULL, 1, 3, 1, '07/01/2020', 'ACL-CMD-07012020-004', 2),
(283, 10, 93, 3, 1, '12.00', 1, '2500.00', NULL, 'BANY...', 'ACL-L-07012020-003', 5, '424.00', '5000.00', 2, NULL, '2020-01-07 22:42:37', NULL, 1, 3, 2, '07/01/2020', 'ACL-CMD-07012020-005', 3),
(284, 8, 93, 2, 1, '12.00', 1, '2500.00', NULL, 'BANY...', 'ACL-L-07012020-004', 5, '424.00', '5000.00', 2, NULL, '2020-01-07 22:43:37', NULL, 1, 3, 2, '07/01/2020', 'ACL-CMD-07012020-005', 4),
(285, 8, 93, 2, 1, '12.00', 1, '2500.00', NULL, 'BANY...', 'ACL-L-07012020-005', 5, '424.00', '5000.00', 2, NULL, '2020-01-07 22:44:29', NULL, 1, 3, 2, '07/01/2020', 'ACL-CMD-07012020-005', 5),
(286, 8, 10, 2, 1, '12.00', 1, '50000.00', NULL, 'KEUR A...', 'ACL-L-07012020-006', 5, '424.00', '5000.00', 2, NULL, '2020-01-07 22:47:34', NULL, 1, 3, 1, '07/01/2020', 'ACL-CMD-07012020-006', 6),
(287, 10, 12, 3, 1, '12.00', 1, '50000.00', NULL, 'KEUR A...', 'ACL-L-07012020-007', 5, '424.00', '5000.00', 2, NULL, '2020-01-07 22:49:58', NULL, 1, 3, 1, '07/01/2020', 'ACL-CMD-01012020-001', 7),
(288, 9, 99, 4, 1, '12.00', 1, '50000.00', NULL, 'MEDINA...', 'ACL-L-07012020-008', 5, '424.00', '5000.00', 2, NULL, '2020-01-07 22:52:05', NULL, 1, 3, 1, '07/01/2020', 'ACL-CMD-07012020-007', 8),
(289, 10, 48, 3, 1, '12.00', 1, '50000.00', NULL, 'FARAFE...', 'ACL-L-07012020-009', 5, '424.00', '5000.00', 2, NULL, '2020-01-07 22:53:28', NULL, 1, 3, 1, '07/01/2020', 'ACL-CMD-07012020-003', 9),
(290, 9, 48, 4, 1, '12.00', 1, '50000.00', NULL, 'FARAFE...', 'ACL-L-07012020-010', 5, '424.00', '5000.00', 2, NULL, '2020-01-07 22:54:25', NULL, 1, 3, 1, '07/01/2020', 'ACL-CMD-07012020-003', 10),
(291, 10, 17, 3, 1, '12.00', 1, '50000.00', NULL, 'KEUR N...', 'ACL-L-08012020-001', 5, '424.00', '5000.00', 2, NULL, '2020-01-08 22:59:11', NULL, 1, 3, 1, '08/01/2020', 'ACL-CMD-08012020-001', 1),
(292, 8, 30, 2, 1, '12.00', 1, '60000.00', NULL, 'CROISE...', 'ACL-L-08012020-002', 5, '424.00', '5000.00', 2, NULL, '2020-01-08 23:01:02', NULL, 1, 3, 1, '08/01/2020', 'ACL-CMD-08012020-002', 2),
(293, 8, 100, 2, 1, '12.00', 1, '35000.00', NULL, 'DAROU ...', 'ACL-L-08012020-003', 5, '424.00', '5000.00', 2, NULL, '2020-01-08 23:07:04', NULL, 1, 3, 1, '08/01/2020', 'ACL-CMD-08012020-004', 3),
(294, 10, 100, 3, 1, '12.00', 1, '35000.00', NULL, 'DAROU ...', 'ACL-L-08012020-004', 5, '424.00', '5000.00', 2, NULL, '2020-01-08 23:08:00', NULL, 1, 3, 1, '08/01/2020', 'ACL-CMD-08012020-004', 4),
(295, 8, 59, 2, 1, '12.00', 1, '3000.00', NULL, 'DAROU ...', 'ACL-L-08012020-005', 5, '424.00', '5000.00', 2, NULL, '2020-01-08 23:08:56', '2020-01-08 23:20:34', 1, 3, 2, '08/01/2020', 'ACL-CMD-08012020-003', 5),
(296, 9, 59, 4, 1, '12.00', 1, '3000.00', NULL, 'DAROU ...', 'ACL-L-08012020-006', 5, '424.00', '5000.00', 2, NULL, '2020-01-08 23:11:22', '2020-01-08 23:21:03', 1, 3, 2, '08/01/2020', 'ACL-CMD-08012020-003', 6),
(297, 9, 93, 4, 1, '12.00', 1, '2500.00', NULL, 'BANY...', 'ACL-L-08012020-007', 5, '424.00', '5000.00', 2, NULL, '2020-01-08 23:14:39', '2020-01-08 23:23:11', 1, 3, 2, '08/01/2020', 'ACL-CMD-08012020-005', 7),
(298, 10, 101, 3, 1, '12.00', 1, '3000.00', NULL, 'DAROU ...', 'ACL-L-08012020-008', 5, '424.00', '5000.00', 2, NULL, '2020-01-08 23:22:01', NULL, 1, 3, 2, '08/01/2020', 'ACL-CMD-08012020-006', 8),
(299, 10, 48, 3, 1, '12.00', 1, '50000.00', NULL, 'KEUR A...', 'ACL-L-08012020-009', 5, '424.00', '5000.00', 2, NULL, '2020-01-08 23:27:00', NULL, 1, 3, 1, '08/01/2020', 'ACL-CMD-07012020-001', 9),
(300, 8, 48, 2, 1, '12.00', 1, '50000.00', NULL, 'KEUR A...', 'ACL-L-08012020-010', 5, '424.00', '5000.00', 2, NULL, '2020-01-08 23:28:05', NULL, 1, 3, 1, '08/01/2020', 'ACL-CMD-07012020-001', 10),
(301, 9, 48, 4, 1, '12.00', 1, '50000.00', NULL, 'KEUR A...', 'ACL-L-08012020-011', 5, '424.00', '5000.00', 2, NULL, '2020-01-08 23:29:01', NULL, 1, 3, 1, '08/01/2020', 'ACL-CMD-07012020-001', 11),
(302, 9, 98, 4, 1, '12.00', 1, '55000.00', NULL, 'KEUR A...', 'ACL-L-08012020-012', 5, '424.00', '5000.00', 2, NULL, '2020-01-08 23:30:31', NULL, 1, 3, 1, '08/01/2020', 'ACL-CMD-07012020-002', 12),
(303, 8, 56, 2, 1, '12.00', 1, '50000.00', NULL, 'FARAFE...', 'ACL-L-09012020-001', 5, '424.00', '5000.00', 2, NULL, '2020-01-09 23:35:56', NULL, 1, 3, 1, '09/01/2020', 'ACL-CMD-20122019-001', 1),
(304, 10, 56, 3, 1, '12.00', 1, '50000.00', NULL, 'FARAFE...', 'ACL-L-09012020-002', 5, '424.00', '5000.00', 2, NULL, '2020-01-09 23:38:02', NULL, 1, 3, 1, '09/01/2020', 'ACL-CMD-20122019-001', 2),
(305, 9, 38, 4, 1, '12.00', 1, '60000.00', NULL, 'FARAFE...', 'ACL-L-09012020-003', 5, '424.00', '5000.00', 2, NULL, '2020-01-09 23:38:05', NULL, 1, 3, 1, '09/01/2020', 'ACL-CMD-09012020-001', 3),
(306, 8, 102, 2, 1, '12.00', 1, '3000.00', NULL, 'DAROU ...', 'ACL-L-09012020-004', 5, '424.00', '5000.00', 3, NULL, '2020-01-10 18:16:50', NULL, NULL, NULL, 2, '09/01/2020', 'ACL-CMD-09012019-001', 4);

-- --------------------------------------------------------

--
-- Structure de la table `acl_monnaie`
--

DROP TABLE IF EXISTS `acl_monnaie`;
CREATE TABLE IF NOT EXISTS `acl_monnaie` (
  `idacl_monnaie` int(10) UNSIGNED NOT NULL AUTO_INCREMENT,
  `monnaie` varchar(20) DEFAULT NULL,
  `id_user` int(10) UNSIGNED DEFAULT NULL,
  `date_creation` datetime DEFAULT NULL,
  `date_last_modif` datetime DEFAULT NULL,
  `est_supprime` int(10) UNSIGNED DEFAULT NULL,
  PRIMARY KEY (`idacl_monnaie`)
) ENGINE=MyISAM AUTO_INCREMENT=3 DEFAULT CHARSET=latin1;

--
-- Déchargement des données de la table `acl_monnaie`
--

INSERT INTO `acl_monnaie` (`idacl_monnaie`, `monnaie`, `id_user`, `date_creation`, `date_last_modif`, `est_supprime`) VALUES
(1, 'CFA', 1, '2019-11-27 16:02:36', NULL, NULL),
(2, 'DALASY', 1, '2019-11-27 16:02:43', NULL, NULL);

-- --------------------------------------------------------

--
-- Structure de la table `acl_pays`
--

DROP TABLE IF EXISTS `acl_pays`;
CREATE TABLE IF NOT EXISTS `acl_pays` (
  `idacl_pays` int(10) UNSIGNED NOT NULL AUTO_INCREMENT,
  `pays` varchar(45) DEFAULT NULL,
  `date_creation` datetime DEFAULT NULL,
  `date_last_modif` datetime DEFAULT NULL,
  `id_user` int(10) UNSIGNED DEFAULT NULL,
  `est_supprime` int(10) UNSIGNED DEFAULT NULL,
  PRIMARY KEY (`idacl_pays`)
) ENGINE=MyISAM AUTO_INCREMENT=4 DEFAULT CHARSET=latin1;

--
-- Déchargement des données de la table `acl_pays`
--

INSERT INTO `acl_pays` (`idacl_pays`, `pays`, `date_creation`, `date_last_modif`, `id_user`, `est_supprime`) VALUES
(1, 'Sénégal', '2019-11-27 15:49:38', NULL, 1, NULL),
(2, 'Gambie', '2019-11-27 15:49:46', NULL, 1, NULL),
(3, 'Mali', '2019-11-27 15:49:53', '2019-11-27 15:56:26', 1, 1);

-- --------------------------------------------------------

--
-- Structure de la table `acl_personnel`
--

DROP TABLE IF EXISTS `acl_personnel`;
CREATE TABLE IF NOT EXISTS `acl_personnel` (
  `idacl_personnel` int(10) UNSIGNED NOT NULL AUTO_INCREMENT,
  `idacl_typepersonnel` int(10) UNSIGNED NOT NULL,
  `prenom` varchar(50) DEFAULT NULL,
  `nom` varchar(30) DEFAULT NULL,
  `telephone` varchar(30) DEFAULT NULL,
  `num_cni` varchar(15) DEFAULT NULL,
  `adresse` text,
  `id_user` int(10) UNSIGNED DEFAULT NULL,
  `date_creation` datetime DEFAULT NULL,
  `date_last_modif` datetime DEFAULT NULL,
  `est_supprime` int(10) UNSIGNED DEFAULT NULL,
  PRIMARY KEY (`idacl_personnel`),
  KEY `acl_personnel_FKIndex1` (`idacl_typepersonnel`)
) ENGINE=MyISAM AUTO_INCREMENT=14 DEFAULT CHARSET=latin1;

--
-- Déchargement des données de la table `acl_personnel`
--

INSERT INTO `acl_personnel` (`idacl_personnel`, `idacl_typepersonnel`, `prenom`, `nom`, `telephone`, `num_cni`, `adresse`, `id_user`, `date_creation`, `date_last_modif`, `est_supprime`) VALUES
(1, 1, 'Pancrace', 'ABENG AKONO', '', '17104', '', 1, '2019-11-27 23:09:27', '2019-12-01 00:24:16', 1),
(2, 2, 'Aldo Jean-Jacques', 'AFFENOU', '', '17105', '', 1, '2019-11-27 23:09:57', NULL, NULL),
(3, 2, 'Caleb Carloss', 'AGUIDA', '', '17106', '', 1, '2019-11-27 23:10:11', NULL, NULL),
(4, 4, 'Kodjo', 'AKLOBESSI', '', '17107', '', 1, '2019-11-27 23:10:27', NULL, NULL),
(5, 3, 'Xavier', 'BEOGO', '', '17108', '', 1, '2019-11-27 23:10:46', '2019-12-01 00:24:34', 1),
(6, 3, 'Abdoul Karim', 'CAMARA', '', '17109', '', 1, '2019-11-27 23:11:08', '2019-12-01 00:24:42', 1),
(7, 1, 'Abdallah', 'CISSE', '', '17110', '', 1, '2019-11-27 23:11:42', '2019-12-01 00:24:23', 1),
(8, 1, 'Pathé', 'DIAKHATE ', '', '17111', 'KEUR AYIB GUEYE', 3, '2019-11-28 22:57:28', NULL, NULL),
(9, 1, 'Papa Mamadou', 'FALL', '', '16119', 'KEUR AYIB GUEYE', 3, '2019-11-28 22:59:02', NULL, NULL),
(10, 1, 'Serigne Mouhamadou', 'FALL', '', '17117', 'KEUR AYIB GUEYE', 3, '2019-11-28 23:00:12', NULL, NULL),
(11, 3, 'Pidio Amos', 'HOUNGBEDJI', '', '17119', 'DAROU RIWANE', 3, '2019-11-28 23:58:19', NULL, NULL),
(12, 2, 'Ahilwo', 'KORTHO', '', '17120', 'FARAFENNY', 3, '2019-11-29 00:12:24', '2019-12-28 16:37:09', NULL),
(13, 2, 'Nouhou', 'NA-ALLAH KAKA', '', '17122', 'FARAFENNY', 3, '2019-11-29 20:58:20', '2020-01-08 18:37:08', 1);

-- --------------------------------------------------------

--
-- Structure de la table `acl_typecarriere`
--

DROP TABLE IF EXISTS `acl_typecarriere`;
CREATE TABLE IF NOT EXISTS `acl_typecarriere` (
  `idacl_typec` int(10) UNSIGNED NOT NULL AUTO_INCREMENT,
  `type_carriere` varchar(50) DEFAULT NULL,
  `id_user` int(10) UNSIGNED DEFAULT NULL,
  `date_creation` datetime DEFAULT NULL,
  `date_last_modif` datetime DEFAULT NULL,
  `est_supprime` int(10) UNSIGNED DEFAULT NULL,
  PRIMARY KEY (`idacl_typec`)
) ENGINE=MyISAM AUTO_INCREMENT=5 DEFAULT CHARSET=latin1;

--
-- Déchargement des données de la table `acl_typecarriere`
--

INSERT INTO `acl_typecarriere` (`idacl_typec`, `type_carriere`, `id_user`, `date_creation`, `date_last_modif`, `est_supprime`) VALUES
(1, 'Sable', 1, '2019-11-27 22:46:40', NULL, NULL),
(2, 'Beton noir', 1, '2019-11-27 22:46:49', NULL, NULL),
(3, 'Betoir blanc', 1, '2019-11-27 22:46:59', NULL, NULL),
(4, 'BETON LATRIGUE', 2, '2019-11-30 18:09:36', '2019-12-09 19:36:57', NULL);

-- --------------------------------------------------------

--
-- Structure de la table `acl_typepersonnel`
--

DROP TABLE IF EXISTS `acl_typepersonnel`;
CREATE TABLE IF NOT EXISTS `acl_typepersonnel` (
  `idacl_typepersonnel` int(10) UNSIGNED NOT NULL AUTO_INCREMENT,
  `type_personnel` varchar(45) DEFAULT NULL,
  `id_user` int(10) UNSIGNED DEFAULT NULL,
  `est_supprime` int(10) UNSIGNED DEFAULT NULL,
  `date_creation` datetime DEFAULT NULL,
  `date_last_modif` datetime DEFAULT NULL,
  PRIMARY KEY (`idacl_typepersonnel`)
) ENGINE=MyISAM AUTO_INCREMENT=6 DEFAULT CHARSET=latin1;

--
-- Déchargement des données de la table `acl_typepersonnel`
--

INSERT INTO `acl_typepersonnel` (`idacl_typepersonnel`, `type_personnel`, `id_user`, `est_supprime`, `date_creation`, `date_last_modif`) VALUES
(1, 'Chauffeur', 1, NULL, '2019-11-27 22:39:35', NULL),
(2, 'Opérateur', 1, NULL, '2019-11-27 22:39:59', '2019-11-27 22:40:57'),
(3, 'Responsable de livraison', 1, NULL, '2019-11-27 22:40:12', NULL),
(4, 'Pointeur', 1, NULL, '2019-11-27 22:40:34', NULL),
(5, 'PRESTATAIRE', 3, NULL, '2019-12-05 23:14:45', NULL);

-- --------------------------------------------------------

--
-- Structure de la table `acl_vehicule`
--

DROP TABLE IF EXISTS `acl_vehicule`;
CREATE TABLE IF NOT EXISTS `acl_vehicule` (
  `idacl_vehicule` int(10) UNSIGNED NOT NULL AUTO_INCREMENT,
  `matricule` varchar(15) DEFAULT NULL,
  `id_user` int(10) UNSIGNED DEFAULT NULL,
  `date_creation` datetime DEFAULT NULL,
  `date_last_modif` datetime DEFAULT NULL,
  `est_supprime` int(10) UNSIGNED DEFAULT NULL,
  `volumetrie` decimal(10,2) DEFAULT NULL,
  PRIMARY KEY (`idacl_vehicule`)
) ENGINE=MyISAM AUTO_INCREMENT=5 DEFAULT CHARSET=latin1;

--
-- Déchargement des données de la table `acl_vehicule`
--

INSERT INTO `acl_vehicule` (`idacl_vehicule`, `matricule`, `id_user`, `date_creation`, `date_last_modif`, `est_supprime`, `volumetrie`) VALUES
(1, 'DK5384AM', 1, '2019-11-27 22:56:31', '2019-12-01 00:26:06', 1, '30.00'),
(2, 'BJL9XY1R', 3, '2019-11-29 00:54:28', NULL, NULL, '12.00'),
(3, 'BJL8YZ2R', 3, '2019-11-29 00:54:56', NULL, NULL, '12.00'),
(4, 'BJL9FZ6R', 3, '2019-11-29 00:55:18', NULL, NULL, '12.00');

-- --------------------------------------------------------

--
-- Structure de la table `acl_versement`
--

DROP TABLE IF EXISTS `acl_versement`;
CREATE TABLE IF NOT EXISTS `acl_versement` (
  `idacl_versement` bigint(20) NOT NULL AUTO_INCREMENT,
  `idacl_client` int(10) UNSIGNED NOT NULL,
  `date_versement` varchar(12) DEFAULT NULL,
  `montant` decimal(20,2) DEFAULT NULL,
  `num_cheque` varchar(20) DEFAULT NULL,
  `type_versement` varchar(20) DEFAULT NULL,
  `id_user` int(10) UNSIGNED DEFAULT NULL,
  `est_supprime` int(10) UNSIGNED DEFAULT NULL,
  `date_creation` datetime DEFAULT NULL,
  `date_last_modif` datetime DEFAULT NULL,
  `id_conversion` int(10) UNSIGNED DEFAULT NULL,
  `id_monnaie1` int(10) UNSIGNED DEFAULT NULL,
  `id_monnaie2` int(10) UNSIGNED DEFAULT NULL,
  `taux_1` decimal(10,2) DEFAULT NULL,
  `taux_2` decimal(10,2) DEFAULT NULL,
  `validation` int(10) UNSIGNED DEFAULT NULL,
  `id_user_validation` int(10) UNSIGNED DEFAULT NULL,
  PRIMARY KEY (`idacl_versement`),
  KEY `acl_versement_FKIndex1` (`idacl_client`)
) ENGINE=MyISAM AUTO_INCREMENT=93 DEFAULT CHARSET=latin1;

--
-- Déchargement des données de la table `acl_versement`
--

INSERT INTO `acl_versement` (`idacl_versement`, `idacl_client`, `date_versement`, `montant`, `num_cheque`, `type_versement`, `id_user`, `est_supprime`, `date_creation`, `date_last_modif`, `id_conversion`, `id_monnaie1`, `id_monnaie2`, `taux_1`, `taux_2`, `validation`, `id_user_validation`) VALUES
(2, 15, '01/12/2019', '150000.00', '', 'Espece', 3, NULL, '2019-12-02 20:27:28', '2019-12-31 02:53:39', 5, 1, 0, '424.00', '5000.00', 1, 3),
(3, 4, '26/11/2019', '75000.00', '', 'Espece', 3, NULL, '2019-12-03 01:46:14', '2019-12-31 02:51:43', 5, 1, 0, '424.00', '5000.00', 1, 3),
(4, 6, '26/11/2019', '10800.00', '', 'Espece', 2, NULL, '2019-12-03 01:47:08', '2019-12-03 07:43:18', 5, 2, 1, '424.00', '5000.00', 1, 3),
(5, 5, '27/11/2019', '5400.00', '', 'Espece', 3, NULL, '2019-12-03 01:48:43', '2019-12-31 02:52:01', 5, 2, 0, '424.00', '5000.00', 1, 3),
(6, 8, '27/11/2019', '5400.00', '', 'Espece', 3, NULL, '2019-12-03 01:49:43', '2019-12-31 02:52:20', 5, 1, 0, '424.00', '5000.00', 1, 3),
(7, 9, '28/11/2019', '5600.00', '', 'Espece', 2, NULL, '2019-12-03 01:51:40', '2019-12-03 07:43:39', 5, 2, 1, '424.00', '5000.00', 1, 3),
(8, 16, '28/11/2019', '25000.00', '', 'Espece', 3, NULL, '2019-12-03 01:52:27', '2019-12-31 02:52:41', 5, 1, 0, '424.00', '5000.00', 1, 3),
(9, 12, '29/11/2019', '50000.00', '', 'Espece', 3, NULL, '2019-12-03 01:53:45', '2019-12-31 02:53:14', 5, 1, 0, '424.00', '5000.00', 1, 3),
(10, 13, '29/11/2019', '50000.00', '', 'Espece', 3, NULL, '2019-12-03 01:54:59', '2019-12-31 02:52:56', 5, 1, 0, '424.00', '5000.00', 1, 3),
(11, 18, '03/12/2019', '50000.00', '', 'Espece', 3, NULL, '2019-12-04 00:02:22', '2019-12-31 02:55:10', 5, 1, 0, '424.00', '5000.00', 1, 3),
(12, 17, '03/12/2019', '100000.00', '', 'Espece', 3, NULL, '2019-12-04 00:03:38', '2019-12-31 02:54:34', 5, 1, 0, '424.00', '5000.00', 1, 3),
(13, 19, '04/12/2019', '50000.00', '', 'Espece', 3, NULL, '2019-12-05 01:21:21', NULL, 3, 1, 0, '425.00', '5000.00', NULL, NULL),
(14, 10, '05/12/2019', '300000.00', '', 'Espece', 3, NULL, '2019-12-05 23:08:19', '2019-12-31 02:55:27', 5, 1, 0, '424.00', '5000.00', 1, 3),
(15, 25, '06/12/2019', '50000.00', '', 'Espece', 3, NULL, '2019-12-06 20:39:08', '2019-12-31 02:55:43', 5, 1, 0, '424.00', '5000.00', 1, 3),
(16, 7, '06/12/2019', '240000.00', '', 'Espece', 3, NULL, '2019-12-06 21:04:07', '2019-12-31 02:56:25', 5, 1, 0, '424.00', '5000.00', 1, 3),
(17, 28, '07/12/2019', '50000.00', '', 'Espece', 3, NULL, '2019-12-07 21:57:11', '2019-12-31 02:58:14', 5, 1, 0, '424.00', '5000.00', 1, 3),
(18, 17, '07/12/2019', '100000.00', '', 'Espece', 3, NULL, '2019-12-07 22:02:52', '2019-12-31 02:57:31', 5, 1, 0, '424.00', '5000.00', 1, 3),
(19, 19, '07/12/2019', '50000.00', '', 'Espece', 3, NULL, '2019-12-07 22:03:41', NULL, 3, 1, 0, '425.00', '5000.00', NULL, NULL),
(20, 11, '07/12/2019', '25000.00', '', 'Espece', 3, NULL, '2019-12-07 22:16:38', '2019-12-31 02:56:49', 5, 1, 0, '424.00', '5000.00', 1, 3),
(21, 19, '08/12/2019', '300000.00', '', 'Espece', 3, NULL, '2019-12-09 01:48:52', NULL, 3, 1, 0, '425.00', '5000.00', NULL, NULL),
(22, 31, '10/12/2019', '50000.00', '', 'Espece', 3, NULL, '2019-12-11 00:44:44', '2019-12-31 03:00:03', 5, 1, 0, '424.00', '5000.00', 1, 3),
(23, 26, '10/12/2019', '50000.00', '', 'Espece', 3, NULL, '2019-12-11 00:45:27', '2019-12-31 02:58:31', 5, 1, 0, '424.00', '5000.00', 1, 3),
(24, 10, '11/12/2019', '250000.00', '', 'Espece', 3, NULL, '2019-12-12 00:43:53', '2019-12-31 03:00:32', 5, 1, 0, '424.00', '5000.00', 1, 3),
(25, 24, '13/12/2019', '180000.00', '', 'Espece', 3, NULL, '2019-12-15 15:38:31', '2019-12-31 03:04:10', 5, 1, 0, '424.00', '5000.00', 1, 3),
(26, 9, '13/12/2019', '6000.00', '', 'Espece', 3, NULL, '2019-12-15 15:39:50', '2019-12-31 03:03:55', 5, 2, 0, '424.00', '5000.00', 1, 3),
(27, 23, '13/12/2019', '3000.00', '', 'Espece', 3, NULL, '2019-12-15 15:41:00', '2019-12-31 03:03:34', 5, 2, 0, '424.00', '5000.00', 1, 3),
(28, 27, '13/12/2019', '3000.00', '', 'Espece', 3, NULL, '2019-12-15 15:41:53', '2019-12-31 03:03:13', 5, 2, 0, '424.00', '5000.00', 1, 3),
(29, 29, '13/12/2019', '3000.00', '', 'Espece', 3, NULL, '2019-12-15 15:42:48', '2019-12-31 03:02:52', 5, 2, 0, '424.00', '5000.00', 1, 3),
(30, 32, '13/12/2019', '3000.00', '', 'Espece', 3, NULL, '2019-12-15 15:44:09', '2019-12-31 03:02:26', 5, 2, 0, '424.00', '5000.00', 1, 3),
(31, 33, '13/12/2019', '6000.00', '', 'Espece', 3, NULL, '2019-12-15 15:44:55', '2019-12-31 03:02:00', 5, 2, 0, '424.00', '5000.00', 1, 3),
(32, 34, '13/12/2019', '6000.00', '', 'Espece', 3, NULL, '2019-12-15 15:46:05', '2019-12-31 03:01:21', 5, 2, 0, '424.00', '5000.00', 1, 3),
(33, 36, '13/12/2019', '6000.00', '', 'Espece', 3, NULL, '2019-12-15 15:46:41', '2019-12-31 03:01:04', 5, 2, 0, '424.00', '5000.00', 1, 3),
(34, 17, '16/12/2019', '100000.00', '', 'Espece', 3, NULL, '2019-12-16 23:36:18', '2019-12-31 03:08:17', 5, 1, 0, '424.00', '5000.00', 1, 3),
(35, 13, '16/12/2019', '100000.00', '', 'Espece', 3, NULL, '2019-12-16 23:41:49', '2019-12-31 03:07:39', 5, 1, 0, '424.00', '5000.00', 1, 3),
(36, 47, '16/12/2019', '50000.00', '', 'Espece', 3, NULL, '2019-12-16 23:56:36', '2019-12-31 03:05:55', 5, 1, 0, '424.00', '5000.00', 1, 3),
(37, 30, '14/12/2019', '50000.00', '', 'Espece', 3, NULL, '2019-12-17 00:08:10', '2019-12-31 03:04:43', 5, 1, 0, '424.00', '5000.00', 1, 3),
(38, 38, '15/12/2019', '50000.00', '', 'Espece', 3, NULL, '2019-12-17 00:10:00', '2019-12-31 03:05:37', 5, 1, 0, '424.00', '5000.00', 1, 3),
(39, 38, '13/12/2019', '50000.00', '', 'Espece', 3, NULL, '2019-12-17 00:11:57', '2019-12-31 03:00:49', 5, 1, 0, '424.00', '5000.00', 1, 3),
(40, 13, '17/12/2019', '100000.00', '', 'Espece', 3, NULL, '2019-12-17 21:12:20', '2019-12-31 03:08:34', 5, 1, 0, '424.00', '5000.00', 1, 3),
(41, 39, '18/12/2019', '150000.00', '', 'Espece', 3, NULL, '2019-12-18 19:53:56', '2019-12-31 03:09:11', 5, 1, 0, '424.00', '5000.00', 1, 3),
(42, 48, '18/12/2019', '50000.00', '', 'Espece', 3, NULL, '2019-12-18 19:58:23', '2019-12-31 03:09:56', 5, 1, 0, '424.00', '5000.00', 1, 3),
(43, 51, '19/12/2019', '100000.00', '', 'Espece', 3, NULL, '2019-12-19 22:06:36', '2019-12-31 03:04:26', 5, 1, 0, '424.00', '5000.00', 1, 3),
(44, 53, '19/12/2019', '50000.00', '', 'Espece', 3, NULL, '2019-12-19 22:07:28', '2019-12-31 02:59:48', 5, 1, 0, '424.00', '5000.00', 1, 3),
(45, 48, '19/12/2019', '50000.00', '', 'Espece', 3, NULL, '2019-12-19 22:08:06', '2019-12-31 02:59:13', 5, 1, 0, '424.00', '5000.00', 1, 3),
(46, 54, '19/12/2019', '50000.00', '', 'Espece', 3, NULL, '2019-12-19 22:08:44', '2019-12-31 03:11:05', 5, 1, 0, '424.00', '5000.00', 1, 3),
(47, 52, '19/12/2019', '150000.00', '', 'Espece', 3, NULL, '2019-12-19 22:10:34', '2019-12-31 03:10:43', 5, 1, 0, '424.00', '5000.00', 1, 3),
(48, 40, '22/12/2019', '3000.00', '', 'Espece', 3, NULL, '2019-12-22 22:32:31', '2019-12-31 03:12:28', 5, 2, 0, '424.00', '5000.00', 1, 3),
(49, 41, '22/12/2019', '350000.00', '', 'Espece', 3, NULL, '2019-12-22 22:34:48', '2019-12-31 03:12:45', 5, 1, 0, '424.00', '5000.00', 1, 3),
(50, 42, '22/12/2019', '30000.00', '', 'Espece', 3, NULL, '2019-12-22 22:37:12', '2019-12-31 03:13:14', 5, 1, 0, '424.00', '5000.00', 1, 3),
(51, 43, '22/12/2019', '6000.00', '', 'Espece', 3, NULL, '2019-12-22 22:39:11', '2019-12-31 03:13:41', 5, 2, 0, '424.00', '5000.00', 1, 3),
(52, 44, '22/12/2019', '3000.00', '', 'Espece', 3, NULL, '2019-12-22 22:40:54', '2019-12-31 03:14:18', 5, 2, 0, '424.00', '5000.00', 1, 3),
(53, 59, '22/12/2019', '35000.00', '', 'Espece', 3, NULL, '2019-12-22 22:41:46', '2019-12-31 03:14:38', 5, 1, 0, '424.00', '5000.00', 1, 3),
(54, 45, '22/12/2019', '3000.00', '', 'Espece', 3, NULL, '2019-12-22 22:43:39', '2019-12-31 03:12:14', 5, 1, 0, '424.00', '5000.00', 1, 3),
(55, 46, '22/12/2019', '90000.00', '', 'Espece', 3, NULL, '2019-12-22 22:45:06', '2019-12-31 03:11:51', 5, 1, 0, '424.00', '5000.00', 1, 3),
(56, 49, '22/12/2019', '45000.00', '', 'Espece', 3, NULL, '2019-12-22 22:45:53', '2019-12-31 03:11:31', 5, 1, 0, '424.00', '5000.00', 1, 3),
(57, 50, '22/12/2019', '100000.00', '', 'Espece', 3, NULL, '2019-12-22 22:46:39', '2019-12-31 03:10:22', 5, 1, 0, '424.00', '5000.00', 1, 3),
(58, 9, '22/12/2019', '3000.00', '', 'Espece', 3, NULL, '2019-12-22 22:48:34', '2019-12-31 03:09:38', 5, 1, 0, '424.00', '5000.00', 1, 3),
(59, 61, '22/12/2019', '3000.00', '', 'Espece', 3, NULL, '2019-12-22 22:49:52', '2019-12-31 03:07:58', 5, 1, 0, '424.00', '5000.00', 1, 3),
(60, 61, '22/12/2019', '3000.00', '', 'Espece', 3, 1, '2019-12-22 22:49:54', '2019-12-22 22:54:52', 3, 1, 0, '425.00', '5000.00', NULL, NULL),
(61, 59, '22/12/2019', '35000.00', '', 'Espece', 3, NULL, '2019-12-22 22:51:01', '2019-12-31 03:07:13', 5, 1, 0, '424.00', '5000.00', 1, 3),
(62, 58, '22/12/2019', '3000.00', '', 'Espece', 3, NULL, '2019-12-22 22:52:36', '2019-12-31 03:06:23', 5, 1, 0, '424.00', '5000.00', 1, 3),
(63, 51, '23/12/2019', '100000.00', '', 'Espece', 3, NULL, '2019-12-24 01:42:36', '2019-12-31 03:14:59', 5, 1, 0, '424.00', '5000.00', 1, 3),
(64, 30, '23/12/2019', '50000.00', '', 'Espece', 3, NULL, '2019-12-24 01:45:26', '2019-12-31 03:16:15', 5, 1, 0, '424.00', '5000.00', 1, 3),
(65, 69, '23/12/2019', '50000.00', '', 'Espece', 3, NULL, '2019-12-24 01:46:07', '2019-12-31 03:16:37', 5, 1, 0, '424.00', '5000.00', 1, 3),
(66, 70, '24/12/2019', '100000.00', '', 'Espece', 3, NULL, '2019-12-25 00:16:05', '2019-12-31 03:18:52', 5, 1, 0, '424.00', '5000.00', 1, 3),
(67, 69, '24/12/2019', '50000.00', '', 'Espece', 3, NULL, '2019-12-25 00:17:12', '2019-12-31 03:18:33', 5, 1, 0, '424.00', '5000.00', 1, 3),
(68, 72, '24/12/2019', '100000.00', '', 'Espece', 3, NULL, '2019-12-25 00:17:53', '2019-12-31 03:18:12', 5, 1, 0, '424.00', '5000.00', 1, 3),
(69, 71, '24/12/2019', '50000.00', '', 'Espece', 3, NULL, '2019-12-25 00:18:38', '2019-12-31 03:17:47', 5, 1, 0, '424.00', '5000.00', 1, 3),
(70, 10, '24/12/2019', '50000.00', '', 'Espece', 3, NULL, '2019-12-25 00:19:51', '2019-12-31 03:17:15', 5, 1, 0, '424.00', '5000.00', 1, 3),
(71, 74, '24/12/2019', '50000.00', '', 'Espece', 3, NULL, '2019-12-25 00:20:46', '2019-12-31 03:16:57', 5, 1, 0, '424.00', '5000.00', 1, 3),
(72, 72, '25/12/2019', '50000.00', '', 'Espece', 3, NULL, '2019-12-26 01:05:48', '2019-12-31 03:19:11', 5, 1, 0, '424.00', '5000.00', 1, 3),
(73, 72, '25/12/2019', '50000.00', '', 'Espece', 3, NULL, '2019-12-26 01:06:43', '2019-12-31 03:19:28', 5, 1, 0, '424.00', '5000.00', 1, 3),
(74, 73, '25/12/2019', '50000.00', '', 'Espece', 3, NULL, '2019-12-26 01:08:11', '2019-12-31 03:19:50', 5, 1, 0, '424.00', '5000.00', 1, 3),
(75, 57, '25/12/2019', '70000.00', '', 'Espece', 3, NULL, '2019-12-26 01:08:52', '2019-12-31 03:20:08', 5, 1, 0, '424.00', '5000.00', 1, 3),
(76, 75, '25/12/2019', '60000.00', '', 'Espece', 3, NULL, '2019-12-26 01:10:23', '2019-12-31 03:20:24', 5, 1, 0, '424.00', '5000.00', 1, 3),
(77, 37, '26/12/2019', '50000.00', '', 'Espece', 3, NULL, '2019-12-26 22:50:03', '2019-12-31 03:21:22', 5, 1, 0, '424.00', '5000.00', 1, 3),
(78, 39, '26/12/2019', '200000.00', '', 'Espece', 3, NULL, '2019-12-26 22:51:24', '2019-12-31 03:20:59', 5, 1, 0, '424.00', '5000.00', 1, 3),
(79, 72, '26/12/2019', '100000.00', '', 'Espece', 3, NULL, '2019-12-26 22:53:12', '2019-12-31 03:20:45', 5, 1, 0, '424.00', '5000.00', 1, 3),
(80, 76, '27/12/2019', '200000.00', '', 'Espece', 3, NULL, '2019-12-27 20:55:16', '2019-12-31 03:21:40', 5, 1, 0, '424.00', '5000.00', 1, 3),
(81, 51, '27/12/2019', '100000.00', '', 'Espece', 3, NULL, '2019-12-27 20:58:27', '2019-12-31 03:21:56', 5, 1, 0, '424.00', '5000.00', 1, 3),
(82, 68, '27/12/2019', '50000.00', '', 'Espece', 3, NULL, '2019-12-27 20:59:43', '2019-12-31 03:22:18', 5, 1, 0, '424.00', '5000.00', 1, 3),
(83, 60, '27/12/2019', '100000.00', '', 'Espece', 3, NULL, '2019-12-27 21:01:11', '2019-12-31 03:22:33', 5, 1, 0, '424.00', '5000.00', 1, 3),
(84, 77, '27/12/2019', '50000.00', '', 'Espece', 3, NULL, '2019-12-27 21:03:00', '2019-12-31 03:22:52', 5, 1, 0, '424.00', '5000.00', 1, 3),
(85, 37, '28/12/2019', '50000.00', '', 'Espece', 3, NULL, '2019-12-29 00:55:02', '2019-12-31 03:23:08', 5, 1, 0, '424.00', '5000.00', 1, 3),
(86, 79, '28/12/2019', '50000.00', '', 'Espece', 3, NULL, '2019-12-29 00:58:53', '2019-12-31 03:23:22', 5, 1, 0, '424.00', '5000.00', 1, 3),
(87, 78, '28/12/2019', '50000.00', '', 'Espece', 3, NULL, '2019-12-29 00:59:19', '2019-12-31 03:23:35', 5, 1, 0, '424.00', '5000.00', 1, 3),
(88, 12, '31/12/2019', '50000.00', '', 'Espece', 3, NULL, '2019-12-31 14:26:16', NULL, 5, 1, 0, '424.00', '5000.00', 1, 3),
(89, 70, '31/12/2019', '50000.00', '', 'Espece', 3, NULL, '2019-12-31 14:28:04', NULL, 5, 1, 0, '424.00', '5000.00', 1, 3),
(90, 86, '31/12/2019', '50000.00', '', 'Espece', 3, NULL, '2019-12-31 14:36:39', NULL, 5, 1, 0, '424.00', '5000.00', 1, 3),
(91, 84, '31/12/2019', '50000.00', '', 'Espece', 3, NULL, '2019-12-31 14:39:19', NULL, 5, 1, 0, '424.00', '5000.00', 1, 3),
(92, 10, '01/01/2020', '150000.00', '', 'Espece', 3, NULL, '2020-01-01 21:44:16', NULL, 5, 1, 0, '424.00', '5000.00', NULL, NULL);
COMMIT;

/*!40101 SET CHARACTER_SET_CLIENT=@OLD_CHARACTER_SET_CLIENT */;
/*!40101 SET CHARACTER_SET_RESULTS=@OLD_CHARACTER_SET_RESULTS */;
/*!40101 SET COLLATION_CONNECTION=@OLD_COLLATION_CONNECTION */;
